<?xml version="1.0" encoding="utf-8"?>

<instance xmlns="http://www.exelearning.org/content/v0.3" reference="5" version="0.3" xmlns:xsi="http://www.w3.org/2001/XMLSchema-instance" xsi:schemalocation="http://www.exelearning.org/content/v0.3 content.xsd" class="exe.engine.package.Package">
 <dictionary>
  <string role="key" value="_title"></string>
  <unicode value="Interfaz de Usuario"></unicode>
  <string role="key" value="idevices"></string>
  <list></list>
  <string role="key" value="_author"></string>
  <unicode value=""></unicode>
  <string role="key" value="_backgroundImg"></string>
  <unicode value=""></unicode>
  <string role="key" value="_contextMode"></string>
  <unicode value="presencial"></unicode>
  <string role="key" value="_contextPlace"></string>
  <unicode value="classroom"></unicode>
  <string role="key" value="_description"></string>
  <unicode value=""></unicode>
  <string role="key" value="_docType"></string>
  <unicode value="HTML5"></unicode>
  <string role="key" value="_intendedEndUserRoleGroup"></string>
  <bool value="0"></bool>
  <string role="key" value="_intendedEndUserRoleTutor"></string>
  <bool value="0"></bool>
  <string role="key" value="_intendedEndUserRoleType"></string>
  <unicode value="learner"></unicode>
  <string role="key" value="_isChanged"></string>
  <bool value="0"></bool>
  <string role="key" value="_lang"></string>
  <unicode value="es"></unicode>
  <string role="key" value="_learningResourceType"></string>
  <unicode value=""></unicode>
  <string role="key" value="_levelNames"></string>
  <list>
   <unicode value="Tema"></unicode>
   <unicode value="Sección"></unicode>
   <unicode value="Unidad"></unicode>
  </list>
  <string role="key" value="_name"></string>
  <unicode value="objetoJose"></unicode>
  <string role="key" value="_nextIdeviceId"></string>
  <int value="3"></int>
  <string role="key" value="_nextNodeId"></string>
  <int value="1"></int>
  <string role="key" value="_nodeIdDict"></string>
  <dictionary>
   <unicode role="key" value="0"></unicode>
   <instance class="exe.engine.node.Node" reference="3">
    <dictionary>
     <string role="key" value="_title"></string>
     <unicode value="Interfaz de Usuario"></unicode>
     <string role="key" value="idevices"></string>
     <list>
      <instance class="exe.engine.freetextidevice.FreeTextIdevice" reference="1">
       <dictionary>
        <string role="key" value="_title"></string>
        <unicode value="Free Text"></unicode>
        <string role="key" value="_author"></string>
        <unicode value="University of Auckland"></unicode>
        <string role="key" value="_purpose"></string>
        <unicode value="The majority of a learning resource will be 
establishing context, delivering instructions and providing general information.
This provides the framework within which the learning activities are built and 
delivered."></unicode>
        <string role="key" value="_tip"></string>
        <string value=""></string>
        <string role="key" value="childs"></string>
        <list></list>
        <string role="key" value="content"></string>
        <instance class="exe.engine.field.TextAreaField" reference="2">
         <dictionary>
          <string role="key" value="_id"></string>
          <int value="86"></int>
          <string role="key" value="_idevice"></string>
          <reference key="1"></reference>
          <string role="key" value="_instruc"></string>
          <unicode value="Use this field to enter text. This 
iDevice has no emphasis applied although limited formatting can be applied to 
text through the text editing buttons associated with the field."></unicode>
          <string role="key" value="_name"></string>
          <unicode value="Free Text"></unicode>
          <string role="key" value="anchor_names"></string>
          <list></list>
          <string role="key" value="anchors_linked_from_fields"></string>
          <dictionary></dictionary>
          <string role="key" value="content_w_resourcePaths"></string>
          <unicode content="true" value="&lt;p&gt;&lt;strong&gt;. Conceptos Generales&lt;/strong&gt;&lt;/p&gt;
&lt;p&gt;&lt;span&gt; &lt;/span&gt;&lt;/p&gt;
&lt;p&gt;La Interfaz de Usuario, en adelante IU, de un programa es un conjunto de elementos hardware y software de una computadora  que presentan información  al usuario y le permiten interactuar con la información  y con el computadora. También se puede considerar parte de la IU la documentación (manuales, ayuda, referencia, tutoriales) que acompaña al hardware y al software.&lt;/p&gt;
&lt;p&gt;Si la IU está bien diseñada, el usuario encontrará la respuesta que espera a su acción. Si no es así&lt;/p&gt;
&lt;p&gt;puede ser frustrante su operación,  ya que el usuario habitualmente  tiende a culparse a sí mismo por no saber usar el objeto.&lt;/p&gt;
&lt;p&gt;Los programas son usados por usuarios con distintos niveles de conocimientos,  desde principiantes hasta expertos. Es por ello que no existe una interfaz válida para todos los usuarios y todas las tareas. Debe  permitirse  libertad  al  usuario  para  que  elija  el  modo  de  interacción  que  más  se  adecúe  a  sus objetivos en cada momento. La mayoría de los programas y sistemas operativos ofrecen varias formas de interacción al usuario.&lt;/p&gt;
&lt;p&gt;&lt;/p&gt;"></unicode>
          <string role="key" value="exe.engine.field.Field.persistenceVersion"></string>
          <int value="4"></int>
          <string role="key" value="exe.engine.field.FieldWithResources.persistenceVersion"></string>
          <int value="2"></int>
          <string role="key" value="exe.engine.field.TextAreaField.persistenceVersion"></string>
          <int value="3"></int>
          <string role="key" value="htmlTag"></string>
          <string value="div"></string>
          <string role="key" value="images"></string>
          <instance class="exe.engine.galleryidevice.GalleryImages">
           <dictionary>
            <string role="key" value=".listitems"></string>
            <list></list>
            <string role="key" value="idevice"></string>
            <reference key="2"></reference>
           </dictionary>
          </instance>
          <string role="key" value="intlinks_to_anchors"></string>
          <dictionary></dictionary>
          <string role="key" value="nextImageId"></string>
          <int value="0"></int>
          <string role="key" value="parentNode"></string>
          <reference key="3"></reference>
         </dictionary>
        </instance>
        <string role="key" value="edit"></string>
        <bool value="0"></bool>
        <string role="key" value="emphasis"></string>
        <int value="0"></int>
        <string role="key" value="exe.engine.freetextidevice.FreeTextIdevice.persistenceVersion"></string>
        <int value="7"></int>
        <string role="key" value="icon"></string>
        <string value=""></string>
        <string role="key" value="id"></string>
        <unicode value="0"></unicode>
        <string role="key" value="lastIdevice"></string>
        <bool value="0"></bool>
        <string role="key" value="originalicon"></string>
        <string value=""></string>
        <string role="key" value="parent"></string>
        <none></none>
        <string role="key" value="parentNode"></string>
        <reference key="3"></reference>
        <string role="key" value="systemResources"></string>
        <list></list>
        <string role="key" value="type"></string>
        <none></none>
        <string role="key" value="undo"></string>
        <bool value="1"></bool>
        <string role="key" value="userResources"></string>
        <list></list>
        <string role="key" value="version"></string>
        <int value="0"></int>
       </dictionary>
      </instance>
      <instance class="exe.engine.freetextidevice.FreeTextIdevice" reference="4">
       <dictionary>
        <string role="key" value="_title"></string>
        <unicode value="Free Text"></unicode>
        <string role="key" value="_author"></string>
        <unicode value="University of Auckland"></unicode>
        <string role="key" value="_purpose"></string>
        <unicode value="The majority of a learning resource will be 
establishing context, delivering instructions and providing general information.
This provides the framework within which the learning activities are built and 
delivered."></unicode>
        <string role="key" value="_tip"></string>
        <string value=""></string>
        <string role="key" value="childs"></string>
        <list></list>
        <string role="key" value="content"></string>
        <instance class="exe.engine.field.TextAreaField" reference="6">
         <dictionary>
          <string role="key" value="_id"></string>
          <int value="86"></int>
          <string role="key" value="_idevice"></string>
          <reference key="4"></reference>
          <string role="key" value="_instruc"></string>
          <unicode value="Use this field to enter text. This 
iDevice has no emphasis applied although limited formatting can be applied to 
text through the text editing buttons associated with the field."></unicode>
          <string role="key" value="_name"></string>
          <unicode value="Free Text"></unicode>
          <string role="key" value="anchor_names"></string>
          <list></list>
          <string role="key" value="anchors_linked_from_fields"></string>
          <dictionary></dictionary>
          <string role="key" value="content_w_resourcePaths"></string>
          <unicode content="true" value="&lt;p&gt;&lt;strong&gt;Modelos a considerarse:&lt;/strong&gt;&lt;/p&gt;
&lt;p&gt;Existen tres puntos de vista distintos en una IU: el del usuario, el del programador y el del diseñador (analogía de la construcción  de una casa). Cada uno tiene un modelo mental propio de la interfaz, que contiene los conceptos y expectativas acerca de la misma, desarrollados a través de su experiencia.&lt;/p&gt;
&lt;p&gt;El modelo permite explicar o predecir comportamientos del sistema y tomar las decisiones adecuadas para  modificar  el  mismo.  Los  modelos  subyacen  en  la  interacción  con  las  computadoras,  de  ahí  su importancia.&lt;/p&gt;
&lt;p&gt;&lt;strong&gt;Modelo del usuario:&lt;/strong&gt; El usuario tiene su visión personal del sistema, y espera que éste se comporte de una  cierta  forma.  Se  puede  conocer  el  modelo  del  usuario  estudiándolo,  ya  sea  realizando  tests  de usabilidad, entrevistas, o a través de una realimentación. Una interfaz debe facilitar el proceso de crear un modelo mental efectivo.&lt;/p&gt;
&lt;p&gt;Para ello son de gran utilidad las metáforas, que asocian un dominio nuevo a uno ya conocido por el usuario.  Un ejemplo  típico es la metáfora  del escritorio,  común  a la mayoría  de las interfaces  gráficas actuales.&lt;/p&gt;
&lt;p&gt;&lt;strong&gt;Modelo del diseñador:&lt;/strong&gt; El diseñador mezcla las necesidades, ideas, deseos del usuario y los materiales de que dispone el programador para diseñar un producto de software. Es un intermediario entre ambos.&lt;/p&gt;
&lt;p&gt;El modelo del diseñador describe los objetos que utilizan el usuario, su presentación  al mismo y las técnicas de interacción para su manipulación. Consta de tres partes: presentación, interacción y relaciones entre los objetos (Figura 1).&lt;/p&gt;
&lt;p&gt;La presentación es lo que primero capta la atención del usuario, pero más tarde pasa a un segundo&lt;/p&gt;
&lt;p&gt;plano, y adquiere más importancia la interacción con el producto para poder satisfacer sus expectativas. La presentación no es lo más relevante y un abuso en la misma (por ejemplo, en el color) puede ser contraproducente, distrayendo al usuario.&lt;/p&gt;
&lt;p&gt;La segunda parte del modelo define las técnicas de interacción del usuario, a través de diversos dispositivos.&lt;/p&gt;
&lt;p&gt;La tercera es la más importante, y es donde el diseñador determina la metáfora adecuada que encaja con el modelo mental del usuario.  El modelo  debe comenzar  por esta parte e ir hacia arriba. Una vez definida la metáfora y los objetos del interfaz, los aspectos visuales saldrán de una manera lógica y fácil.&lt;/p&gt;
&lt;p&gt;&lt;/p&gt;
&lt;p&gt;&lt;img src=&quot;resources/img0.png&quot; width=&quot;553&quot; height=&quot;389&quot; alt=&quot;FIGURA 1&quot; /&gt;&lt;/p&gt;
&lt;p&gt;&lt;/p&gt;
&lt;p&gt;Estos modelos deben estar claros para los participantes  en el desarrollo  de un producto,  de forma que se consiga una interfaz atractiva y a la vez efectiva para el trabajo con el programa.&lt;/p&gt;
&lt;p&gt;Una  interfaz  no  es  simplemente  una  cara  bonita;  esto  puede  impresionar  a  primera  vista  pero decepcionar a la larga. Lo importante es que el programa se adapte bien al modelo del usuario, cosa que se puede comprobar utilizando el programa más allá de la primera impresión.&lt;/p&gt;
&lt;p&gt; &lt;/p&gt;
&lt;p&gt;&lt;strong&gt;Modelo del  programador:&lt;/strong&gt;  Es  el  más  fácil  de  visualizar,  al  poderse  especificar  formalmente.  Está constituido por los objetos que manipula el programador, distintos de los que trata el usuario (ejemplo: el programador  llama  base  de  datos  a  lo  que  el  usuario  podría  llamar  agenda).  Estos  objetos  deben esconderse del usuario.&lt;/p&gt;
&lt;p&gt;Los conocimientos del programador incluyen la plataforma de desarrollo, el sistema operativo, las herramientas de desarrollo y especificaciones. Sin embargo, esto no significa necesariamente que tenga la habilidad de proporcionar  al usuario los modelos y metáforas más adecuadas.  Muchos no consideran el modelo  del  usuario  del  programa,   y  sí  sus  propias  expectativas  acerca  de  cómo  trabajar  con  la computadora.&lt;/p&gt;
&lt;p&gt; &lt;/p&gt;
&lt;p&gt;&lt;/p&gt;
&lt;p&gt;&lt;/p&gt;
&lt;p&gt;&lt;/p&gt;"></unicode>
          <string role="key" value="exe.engine.field.Field.persistenceVersion"></string>
          <int value="4"></int>
          <string role="key" value="exe.engine.field.FieldWithResources.persistenceVersion"></string>
          <int value="2"></int>
          <string role="key" value="exe.engine.field.TextAreaField.persistenceVersion"></string>
          <int value="3"></int>
          <string role="key" value="htmlTag"></string>
          <string value="div"></string>
          <string role="key" value="images"></string>
          <instance class="exe.engine.galleryidevice.GalleryImages">
           <dictionary>
            <string role="key" value=".listitems"></string>
            <list>
             <instance class="exe.engine.galleryidevice.GalleryImage">
              <dictionary>
               <string role="key" value="_caption"></string>
               <instance class="exe.engine.field.TextField">
                <dictionary>
                 <string role="key" value="_id"></string>
                 <int value="175"></int>
                 <string role="key" value="_idevice"></string>
                 <none></none>
                 <string role="key" value="_instruc"></string>
                 <string value=""></string>
                 <string role="key" value="_name"></string>
                 <string value=""></string>
                 <string role="key" value="content"></string>
                 <string value=""></string>
                 <string role="key" value="exe.engine.field.Field.persistenceVersion"></string>
                 <int value="4"></int>
                </dictionary>
               </instance>
               <string role="key" value="_id"></string>
               <unicode value="1_86.2"></unicode>
               <string role="key" value="_imageResource"></string>
               <instance class="exe.engine.resource.Resource" reference="7">
                <dictionary>
                 <string role="key" value="_idevice"></string>
                 <reference key="4"></reference>
                 <string role="key" value="_package"></string>
                 <reference key="5"></reference>
                 <string role="key" value="_storageName"></string>
                 <string value="img0.png"></string>
                 <string role="key" value="_userName"></string>
                 <string value="c:\\users\\danthec\\appdata\\local\\temp\\tmpj66ahy\\img0.png"></string>
                 <string role="key" value="checksum"></string>
                 <string value="a29d93da1dbe8e6c30c2b7f39a14db49"></string>
                 <string role="key" value="exe.engine.resource.Resource.persistenceVersion"></string>
                 <int value="2"></int>
                 <string role="key" value="exe.engine.resource._Resource.persistenceVersion"></string>
                 <int value="2"></int>
                 <string role="key" value="warningMsg"></string>
                 <string value=""></string>
                </dictionary>
               </instance>
               <string role="key" value="_parent"></string>
               <reference key="6"></reference>
               <string role="key" value="_thumbnailResource"></string>
               <none></none>
               <string role="key" value="exe.engine.galleryidevice.GalleryImage.persistenceVersion"></string>
               <int value="3"></int>
               <string role="key" value="makeThumbnail"></string>
               <bool value="0"></bool>
              </dictionary>
             </instance>
            </list>
            <string role="key" value="idevice"></string>
            <reference key="6"></reference>
           </dictionary>
          </instance>
          <string role="key" value="intlinks_to_anchors"></string>
          <dictionary></dictionary>
          <string role="key" value="nextImageId"></string>
          <int value="3"></int>
          <string role="key" value="parentNode"></string>
          <reference key="3"></reference>
         </dictionary>
        </instance>
        <string role="key" value="edit"></string>
        <bool value="0"></bool>
        <string role="key" value="emphasis"></string>
        <int value="0"></int>
        <string role="key" value="exe.engine.freetextidevice.FreeTextIdevice.persistenceVersion"></string>
        <int value="7"></int>
        <string role="key" value="icon"></string>
        <string value=""></string>
        <string role="key" value="id"></string>
        <unicode value="1"></unicode>
        <string role="key" value="lastIdevice"></string>
        <bool value="0"></bool>
        <string role="key" value="originalicon"></string>
        <string value=""></string>
        <string role="key" value="parent"></string>
        <none></none>
        <string role="key" value="parentNode"></string>
        <reference key="3"></reference>
        <string role="key" value="systemResources"></string>
        <list></list>
        <string role="key" value="type"></string>
        <none></none>
        <string role="key" value="undo"></string>
        <bool value="1"></bool>
        <string role="key" value="userResources"></string>
        <list>
         <reference key="7"></reference>
        </list>
        <string role="key" value="version"></string>
        <int value="0"></int>
       </dictionary>
      </instance>
      <instance class="exe.engine.freetextidevice.FreeTextIdevice" reference="8">
       <dictionary>
        <string role="key" value="_title"></string>
        <unicode value="Free Text"></unicode>
        <string role="key" value="_author"></string>
        <unicode value="University of Auckland"></unicode>
        <string role="key" value="_purpose"></string>
        <unicode value="The majority of a learning resource will be 
establishing context, delivering instructions and providing general information.
This provides the framework within which the learning activities are built and 
delivered."></unicode>
        <string role="key" value="_tip"></string>
        <string value=""></string>
        <string role="key" value="childs"></string>
        <list></list>
        <string role="key" value="content"></string>
        <instance class="exe.engine.field.TextAreaField" reference="9">
         <dictionary>
          <string role="key" value="_id"></string>
          <int value="86"></int>
          <string role="key" value="_idevice"></string>
          <reference key="8"></reference>
          <string role="key" value="_instruc"></string>
          <unicode value="Use this field to enter text. This 
iDevice has no emphasis applied although limited formatting can be applied to 
text through the text editing buttons associated with the field."></unicode>
          <string role="key" value="_name"></string>
          <unicode value="Free Text"></unicode>
          <string role="key" value="anchor_names"></string>
          <list></list>
          <string role="key" value="anchors_linked_from_fields"></string>
          <dictionary></dictionary>
          <string role="key" value="content_w_resourcePaths"></string>
          <unicode content="true" value="&lt;p&gt;&lt;strong&gt;Principios para el Diseño de Interfaces de Usuario&lt;/strong&gt;&lt;/p&gt;
&lt;p&gt;Existen principios relevantes  para el diseño e implementación  de IU, ya sea para las IU gráficas, como para la Web.&lt;/p&gt;
&lt;p&gt; &lt;/p&gt;
&lt;p&gt;&lt;strong&gt;Anticipación&lt;/strong&gt;&lt;/p&gt;
&lt;p&gt;Las aplicaciones deberían intentar anticiparse a las necesidades del usuario y no esperar a que el usuario tenga que buscar la información, recopilarla o invocar las herramientas que va a utilizar.&lt;/p&gt;
&lt;p&gt;&lt;img src=&quot;resources/img0.1.png&quot; width=&quot;446&quot; height=&quot;325&quot; alt=&quot;Ejemplo de caracteristicas anticipadas&quot; /&gt;&lt;/p&gt;
&lt;p&gt;&lt;strong&gt;Autonomía&lt;/strong&gt;&lt;/p&gt;
&lt;p&gt;La computadora, la IU y el entorno de trabajo deben estar a disposición del usuario. Se debe dar al usuario el  ambiente  flexible  para  que  pueda  aprender  rápidamente  a  usar  la  aplicación.  Sin  embargo,  está comprobado que el entorno de trabajo debe tener ciertas cotas, es decir, ser explorable pero no azaroso.&lt;/p&gt;
&lt;p&gt;&lt;/p&gt;
&lt;p&gt;&lt;img src=&quot;resources/img1.png&quot; width=&quot;434&quot; height=&quot;182&quot; alt=&quot;Ejemplo de ambiente complejo&quot; /&gt;&lt;/p&gt;
&lt;p&gt;&lt;/p&gt;
&lt;p&gt;&lt;strong&gt;Percepción del Color&lt;/strong&gt;&lt;/p&gt;
&lt;p&gt;Aunque se utilicen convenciones de color en la IU, se deberían usar otros mecanismos secundarios para proveer la información a aquellos usuarios con problemas en la visualización de colores&lt;/p&gt;
&lt;p&gt;&lt;img src=&quot;resources/img2.png&quot; width=&quot;344&quot; height=&quot;136&quot; alt=&quot;Ejemplo de color e inconsistencia&quot; /&gt;&lt;/p&gt;
&lt;p&gt;&lt;/p&gt;
&lt;p&gt;Valores por Defecto&lt;/p&gt;
&lt;p&gt;No  se  debe  utilizar  la  palabra  “Defecto”  en  una  aplicación  o  servicio.  Puede  ser  reemplazada  por “Estándar”  o “Definida por el Usuario”, “Restaurar  Valores Iniciales”  o algún otro término especifico  que describa lo que está sucediendo.  Los valores por defecto deberían ser opciones inteligentes  y sensatas. Además, los mismos tienen que ser fáciles de modificar.&lt;/p&gt;
&lt;p&gt; &lt;/p&gt;
&lt;p&gt;&lt;strong&gt;Consistencia&lt;/strong&gt;&lt;/p&gt;
&lt;p&gt;Para lograr una mayor consistencia en la IU se requiere profundizar en diferentes aspectos que están catalogados en niveles. Se realiza un ordenamiento de mayor a menor consistencia:&lt;/p&gt;
&lt;p&gt;&lt;span style=&quot;font-size: 0.82em;&quot;&gt;1. Interpretación  del comportamiento  del usuario:  la IU debe comprender  el significado  que le atribuye  un  usuario  a  cada  requerimiento.   Ejemplo:  mantener  el  significado  de  las  los comandos abreviados (shortcut-keys) definidos por el usuario.&lt;/span&gt;&lt;br /&gt;&lt;span style=&quot;font-size: 0.82em;&quot;&gt;2. Estructuras invisibles: se requiere una definición clara de las mismas, ya que sino el usuario nunca  podría  llegar  a  descubrir  su  uso.  Ejemplo:  la  ampliación  de  ventanas  mediante  la extensión de sus bordes.&lt;/span&gt;&lt;br /&gt;&lt;span style=&quot;font-size: 0.82em;&quot;&gt;3. Pequeñas estructuras visibles: se puede establecer un conjunto de objetos visibles capaces de&lt;/span&gt;&lt;br /&gt;&lt;span style=&quot;font-size: 0.82em;&quot;&gt;ser  controlados  por  el  usuario,  que  permitan  ahorrar  tiempo  en  la  ejecución  de  tareas específicas. Ejemplo: ícono y/o botón para impresión.&lt;/span&gt;&lt;br /&gt;&lt;span style=&quot;font-size: 0.82em;&quot;&gt;4. Una sola aplicación o servicio: la IU permite visualizar a la aplicación o servicio utilizado como&lt;/span&gt;&lt;br /&gt;&lt;span style=&quot;font-size: 0.82em;&quot;&gt;un componente único. Ejemplo: La IU despliega un único menú, pudiendo además acceder al mismo mediante comandos abreviados.&lt;/span&gt;&lt;/p&gt;
&lt;p&gt;5. Un conjunto de aplicaciones o servicios: la IU visualiza a la aplicación o servicio utilizado como un conjunto de componentes. Ejemplo: La IU se presenta como un conjunto de barras de comandos  desplegadas  en diferentes  lugares  de la pantalla,  pudiendo  ser desactivadas  en forma independiente.&lt;/p&gt;
&lt;p&gt;6. Consistencia del ambiente: la IU se mantiene en concordancia con el ambiente de trabajo. Ejemplo:  La  IU  utiliza  objetos  de  control  como  menús,  botones  de  comandos  de  manera análoga a otras IU que se usen en el ambiente de trabajo.&lt;/p&gt;
&lt;p&gt;7.Consistencia de la plataforma: La IU es concordante con la plataforma. Ejemplo: La IU tiene un&lt;/p&gt;
&lt;p&gt;esquema basado en ventanas, el cual es acorde al manejo del sistema operativo Windows.&lt;/p&gt;
&lt;p&gt;&lt;img src=&quot;resources/img3.png&quot; width=&quot;281&quot; height=&quot;92&quot; alt=&quot;Ejemplo de consistencia&quot; /&gt;&lt;/p&gt;
&lt;p&gt;&lt;/p&gt;
&lt;p&gt;&lt;strong&gt;Eficiencia del Usuario&lt;/strong&gt;&lt;/p&gt;
&lt;p&gt;Se debe considerar  la productividad  del usuario antes que la productividad  de la máquina. Si el usuario debe esperar la respuesta del sistema por un período prolongado, estas pérdidas de tiempo se pueden convertir  en pérdidas  económicas  para la organización.  Los mensajes  de ayuda  deben  ser sencillos  y proveer respuestas a los problemas. Los menús y etiquetas de botones deberían tener las palabras claves del proceso.&lt;/p&gt;
&lt;p&gt;&lt;img src=&quot;resources/img4.png&quot; width=&quot;434&quot; height=&quot;101&quot; alt=&quot;Ejemplo de definición incorrecta de botones&quot; /&gt;&lt;/p&gt;
&lt;p&gt;&lt;/p&gt;
&lt;p&gt;&lt;strong&gt;Ley de Fitt&lt;/strong&gt;&lt;/p&gt;
&lt;p&gt;El tiempo para alcanzar un objetivo es una función de la distancia y tamaño del objetivo. Es por ello, que es conveniente usar objetos grandes para las funciones importantes.&lt;/p&gt;
&lt;p&gt;&lt;img src=&quot;resources/img5.png&quot; width=&quot;335&quot; height=&quot;281&quot; alt=&quot;Ejemplo de percepción de visual&quot; /&gt;&lt;/p&gt;
&lt;p&gt;&lt;/p&gt;
&lt;p&gt;&lt;strong&gt;Interfaces Explorables&lt;/strong&gt;&lt;/p&gt;
&lt;p&gt;Siempre  que sea posible  se debe permitir  que el usuario  pueda  salir ágilmente  de la IU, dejando  una marca del estado de avance de su trabajo, para que pueda continuarlo en otra oportunidad.&lt;/p&gt;
&lt;p&gt; &lt;/p&gt;
&lt;p&gt;Para aquellos usuarios que sean noveles en el uso de la aplicación, se deberá proveer  de guías para realizar tareas que no sean habituales.&lt;/p&gt;
&lt;p&gt;Es  conveniente  que  el  usuario  pueda  incorporar  elementos  visuales  estables  que  permitan,  no&lt;/p&gt;
&lt;p&gt;solamente  un desplazamiento  rápido a ciertos puntos del trabajo que esté realizando,  sino también  un sentido de “casa” o punto de partida.&lt;/p&gt;
&lt;p&gt;La IU debe poder realizar la inversa de cualquier acción que pueda llegar a ser de riesgo, de esta forma se apoya al usuario a explorar el sistema sin temores.&lt;/p&gt;
&lt;p&gt;Siempre se debe contar con un comando “Deshacer”. Este suprimirá la necesidad de tener que contar con diálogos de confirmación para cada acción que realice en sistema.&lt;/p&gt;
&lt;p&gt;El usuario debe sentirse seguro de poder salir del sistema cuando lo desee. Es por ello que la IU debe tener un objeto fácil de accionar con el cual poder finalizar la aplicación.&lt;/p&gt;
&lt;p&gt;&lt;span&gt; &lt;/span&gt;&lt;/p&gt;
&lt;p&gt;&lt;strong&gt;Objetos de Interfaz Humana&lt;/strong&gt;&lt;/p&gt;
&lt;p&gt;Los objetos de interfaz humana no son necesariamente los objetos que se encuentran en los sistemas orientados  a  objetos.  Estos  pueden  ser  vistos,  escuchados,  tocados  o  percibidos  de  alguna  forma. Además, estos objetos deberían ser entendibles, consistentes y estables.&lt;/p&gt;
&lt;p&gt;&lt;/p&gt;
&lt;p&gt;&lt;img src=&quot;resources/img6.png&quot; width=&quot;425&quot; height=&quot;199&quot; alt=&quot;Ejemplo de barras de controles&quot; /&gt;&lt;/p&gt;
&lt;p&gt;&lt;/p&gt;
&lt;p&gt;&lt;strong&gt;Uso de Metáforas&lt;/strong&gt;&lt;/p&gt;
&lt;p&gt;Las  buenas  metáforas  crean  figuras  mentales  fáciles  de  recordar.     La  IU  puede  contener  objetos asociados al modelo conceptual en forma visual, con sonido u otra característica perceptible por el usuario que ayude a simplificar el uso del sistema.&lt;/p&gt;
&lt;p&gt;&lt;/p&gt;
&lt;p&gt;&lt;img src=&quot;resources/img7.png&quot; width=&quot;497&quot; height=&quot;236&quot; alt=&quot;Ejemplo de metaforas&quot; /&gt;&lt;/p&gt;"></unicode>
          <string role="key" value="exe.engine.field.Field.persistenceVersion"></string>
          <int value="4"></int>
          <string role="key" value="exe.engine.field.FieldWithResources.persistenceVersion"></string>
          <int value="2"></int>
          <string role="key" value="exe.engine.field.TextAreaField.persistenceVersion"></string>
          <int value="3"></int>
          <string role="key" value="htmlTag"></string>
          <string value="div"></string>
          <string role="key" value="images"></string>
          <instance class="exe.engine.galleryidevice.GalleryImages">
           <dictionary>
            <string role="key" value=".listitems"></string>
            <list>
             <instance class="exe.engine.galleryidevice.GalleryImage">
              <dictionary>
               <string role="key" value="_caption"></string>
               <instance class="exe.engine.field.TextField">
                <dictionary>
                 <string role="key" value="_id"></string>
                 <int value="174"></int>
                 <string role="key" value="_idevice"></string>
                 <none></none>
                 <string role="key" value="_instruc"></string>
                 <string value=""></string>
                 <string role="key" value="_name"></string>
                 <string value=""></string>
                 <string role="key" value="content"></string>
                 <string value=""></string>
                 <string role="key" value="exe.engine.field.Field.persistenceVersion"></string>
                 <int value="4"></int>
                </dictionary>
               </instance>
               <string role="key" value="_id"></string>
               <unicode value="2_86.16"></unicode>
               <string role="key" value="_imageResource"></string>
               <instance class="exe.engine.resource.Resource" reference="10">
                <dictionary>
                 <string role="key" value="_idevice"></string>
                 <reference key="8"></reference>
                 <string role="key" value="_package"></string>
                 <reference key="5"></reference>
                 <string role="key" value="_storageName"></string>
                 <string value="img0.1.png"></string>
                 <string role="key" value="_userName"></string>
                 <string value="c:\\users\\danthec\\appdata\\local\\temp\\tmpj66ahy\\img0.1.png"></string>
                 <string role="key" value="checksum"></string>
                 <string value="53d10b857d872f20e3025aef2beb142c"></string>
                 <string role="key" value="exe.engine.resource.Resource.persistenceVersion"></string>
                 <int value="2"></int>
                 <string role="key" value="exe.engine.resource._Resource.persistenceVersion"></string>
                 <int value="2"></int>
                 <string role="key" value="warningMsg"></string>
                 <string value=""></string>
                </dictionary>
               </instance>
               <string role="key" value="_parent"></string>
               <reference key="9"></reference>
               <string role="key" value="_thumbnailResource"></string>
               <none></none>
               <string role="key" value="exe.engine.galleryidevice.GalleryImage.persistenceVersion"></string>
               <int value="3"></int>
               <string role="key" value="makeThumbnail"></string>
               <bool value="0"></bool>
              </dictionary>
             </instance>
             <instance class="exe.engine.galleryidevice.GalleryImage">
              <dictionary>
               <string role="key" value="_caption"></string>
               <instance class="exe.engine.field.TextField">
                <dictionary>
                 <string role="key" value="_id"></string>
                 <int value="176"></int>
                 <string role="key" value="_idevice"></string>
                 <none></none>
                 <string role="key" value="_instruc"></string>
                 <string value=""></string>
                 <string role="key" value="_name"></string>
                 <string value=""></string>
                 <string role="key" value="content"></string>
                 <string value=""></string>
                 <string role="key" value="exe.engine.field.Field.persistenceVersion"></string>
                 <int value="4"></int>
                </dictionary>
               </instance>
               <string role="key" value="_id"></string>
               <unicode value="2_86.17"></unicode>
               <string role="key" value="_imageResource"></string>
               <instance class="exe.engine.resource.Resource" reference="11">
                <dictionary>
                 <string role="key" value="_idevice"></string>
                 <reference key="8"></reference>
                 <string role="key" value="_package"></string>
                 <reference key="5"></reference>
                 <string role="key" value="_storageName"></string>
                 <string value="img1.png"></string>
                 <string role="key" value="_userName"></string>
                 <string value="c:\\users\\danthec\\appdata\\local\\temp\\tmpj66ahy\\img1.png"></string>
                 <string role="key" value="checksum"></string>
                 <string value="4ad2339c645994da2daf8012575756d8"></string>
                 <string role="key" value="exe.engine.resource.Resource.persistenceVersion"></string>
                 <int value="2"></int>
                 <string role="key" value="exe.engine.resource._Resource.persistenceVersion"></string>
                 <int value="2"></int>
                 <string role="key" value="warningMsg"></string>
                 <string value=""></string>
                </dictionary>
               </instance>
               <string role="key" value="_parent"></string>
               <reference key="9"></reference>
               <string role="key" value="_thumbnailResource"></string>
               <none></none>
               <string role="key" value="exe.engine.galleryidevice.GalleryImage.persistenceVersion"></string>
               <int value="3"></int>
               <string role="key" value="makeThumbnail"></string>
               <bool value="0"></bool>
              </dictionary>
             </instance>
             <instance class="exe.engine.galleryidevice.GalleryImage">
              <dictionary>
               <string role="key" value="_caption"></string>
               <instance class="exe.engine.field.TextField">
                <dictionary>
                 <string role="key" value="_id"></string>
                 <int value="177"></int>
                 <string role="key" value="_idevice"></string>
                 <none></none>
                 <string role="key" value="_instruc"></string>
                 <string value=""></string>
                 <string role="key" value="_name"></string>
                 <string value=""></string>
                 <string role="key" value="content"></string>
                 <string value=""></string>
                 <string role="key" value="exe.engine.field.Field.persistenceVersion"></string>
                 <int value="4"></int>
                </dictionary>
               </instance>
               <string role="key" value="_id"></string>
               <unicode value="2_86.18"></unicode>
               <string role="key" value="_imageResource"></string>
               <instance class="exe.engine.resource.Resource" reference="12">
                <dictionary>
                 <string role="key" value="_idevice"></string>
                 <reference key="8"></reference>
                 <string role="key" value="_package"></string>
                 <reference key="5"></reference>
                 <string role="key" value="_storageName"></string>
                 <string value="img2.png"></string>
                 <string role="key" value="_userName"></string>
                 <string value="c:\\users\\danthec\\appdata\\local\\temp\\tmpj66ahy\\img2.png"></string>
                 <string role="key" value="checksum"></string>
                 <string value="d7bbffbce748372afd2eacd46964c98c"></string>
                 <string role="key" value="exe.engine.resource.Resource.persistenceVersion"></string>
                 <int value="2"></int>
                 <string role="key" value="exe.engine.resource._Resource.persistenceVersion"></string>
                 <int value="2"></int>
                 <string role="key" value="warningMsg"></string>
                 <string value=""></string>
                </dictionary>
               </instance>
               <string role="key" value="_parent"></string>
               <reference key="9"></reference>
               <string role="key" value="_thumbnailResource"></string>
               <none></none>
               <string role="key" value="exe.engine.galleryidevice.GalleryImage.persistenceVersion"></string>
               <int value="3"></int>
               <string role="key" value="makeThumbnail"></string>
               <bool value="0"></bool>
              </dictionary>
             </instance>
             <instance class="exe.engine.galleryidevice.GalleryImage">
              <dictionary>
               <string role="key" value="_caption"></string>
               <instance class="exe.engine.field.TextField">
                <dictionary>
                 <string role="key" value="_id"></string>
                 <int value="178"></int>
                 <string role="key" value="_idevice"></string>
                 <none></none>
                 <string role="key" value="_instruc"></string>
                 <string value=""></string>
                 <string role="key" value="_name"></string>
                 <string value=""></string>
                 <string role="key" value="content"></string>
                 <string value=""></string>
                 <string role="key" value="exe.engine.field.Field.persistenceVersion"></string>
                 <int value="4"></int>
                </dictionary>
               </instance>
               <string role="key" value="_id"></string>
               <unicode value="2_86.19"></unicode>
               <string role="key" value="_imageResource"></string>
               <instance class="exe.engine.resource.Resource" reference="13">
                <dictionary>
                 <string role="key" value="_idevice"></string>
                 <reference key="8"></reference>
                 <string role="key" value="_package"></string>
                 <reference key="5"></reference>
                 <string role="key" value="_storageName"></string>
                 <string value="img3.png"></string>
                 <string role="key" value="_userName"></string>
                 <string value="c:\\users\\danthec\\appdata\\local\\temp\\tmpj66ahy\\img3.png"></string>
                 <string role="key" value="checksum"></string>
                 <string value="5cef9f035b7b7873043fd87b533eed81"></string>
                 <string role="key" value="exe.engine.resource.Resource.persistenceVersion"></string>
                 <int value="2"></int>
                 <string role="key" value="exe.engine.resource._Resource.persistenceVersion"></string>
                 <int value="2"></int>
                 <string role="key" value="warningMsg"></string>
                 <string value=""></string>
                </dictionary>
               </instance>
               <string role="key" value="_parent"></string>
               <reference key="9"></reference>
               <string role="key" value="_thumbnailResource"></string>
               <none></none>
               <string role="key" value="exe.engine.galleryidevice.GalleryImage.persistenceVersion"></string>
               <int value="3"></int>
               <string role="key" value="makeThumbnail"></string>
               <bool value="0"></bool>
              </dictionary>
             </instance>
             <instance class="exe.engine.galleryidevice.GalleryImage">
              <dictionary>
               <string role="key" value="_caption"></string>
               <instance class="exe.engine.field.TextField">
                <dictionary>
                 <string role="key" value="_id"></string>
                 <int value="179"></int>
                 <string role="key" value="_idevice"></string>
                 <none></none>
                 <string role="key" value="_instruc"></string>
                 <string value=""></string>
                 <string role="key" value="_name"></string>
                 <string value=""></string>
                 <string role="key" value="content"></string>
                 <string value=""></string>
                 <string role="key" value="exe.engine.field.Field.persistenceVersion"></string>
                 <int value="4"></int>
                </dictionary>
               </instance>
               <string role="key" value="_id"></string>
               <unicode value="2_86.20"></unicode>
               <string role="key" value="_imageResource"></string>
               <instance class="exe.engine.resource.Resource" reference="14">
                <dictionary>
                 <string role="key" value="_idevice"></string>
                 <reference key="8"></reference>
                 <string role="key" value="_package"></string>
                 <reference key="5"></reference>
                 <string role="key" value="_storageName"></string>
                 <string value="img4.png"></string>
                 <string role="key" value="_userName"></string>
                 <string value="c:\\users\\danthec\\appdata\\local\\temp\\tmpj66ahy\\img4.png"></string>
                 <string role="key" value="checksum"></string>
                 <string value="31ff2b602cd10f5cd6bb2e794c435c33"></string>
                 <string role="key" value="exe.engine.resource.Resource.persistenceVersion"></string>
                 <int value="2"></int>
                 <string role="key" value="exe.engine.resource._Resource.persistenceVersion"></string>
                 <int value="2"></int>
                 <string role="key" value="warningMsg"></string>
                 <string value=""></string>
                </dictionary>
               </instance>
               <string role="key" value="_parent"></string>
               <reference key="9"></reference>
               <string role="key" value="_thumbnailResource"></string>
               <none></none>
               <string role="key" value="exe.engine.galleryidevice.GalleryImage.persistenceVersion"></string>
               <int value="3"></int>
               <string role="key" value="makeThumbnail"></string>
               <bool value="0"></bool>
              </dictionary>
             </instance>
             <instance class="exe.engine.galleryidevice.GalleryImage">
              <dictionary>
               <string role="key" value="_caption"></string>
               <instance class="exe.engine.field.TextField">
                <dictionary>
                 <string role="key" value="_id"></string>
                 <int value="180"></int>
                 <string role="key" value="_idevice"></string>
                 <none></none>
                 <string role="key" value="_instruc"></string>
                 <string value=""></string>
                 <string role="key" value="_name"></string>
                 <string value=""></string>
                 <string role="key" value="content"></string>
                 <string value=""></string>
                 <string role="key" value="exe.engine.field.Field.persistenceVersion"></string>
                 <int value="4"></int>
                </dictionary>
               </instance>
               <string role="key" value="_id"></string>
               <unicode value="2_86.21"></unicode>
               <string role="key" value="_imageResource"></string>
               <instance class="exe.engine.resource.Resource" reference="15">
                <dictionary>
                 <string role="key" value="_idevice"></string>
                 <reference key="8"></reference>
                 <string role="key" value="_package"></string>
                 <reference key="5"></reference>
                 <string role="key" value="_storageName"></string>
                 <string value="img5.png"></string>
                 <string role="key" value="_userName"></string>
                 <string value="c:\\users\\danthec\\appdata\\local\\temp\\tmpj66ahy\\img5.png"></string>
                 <string role="key" value="checksum"></string>
                 <string value="1a595fe7264ce2df80ae914839440aaa"></string>
                 <string role="key" value="exe.engine.resource.Resource.persistenceVersion"></string>
                 <int value="2"></int>
                 <string role="key" value="exe.engine.resource._Resource.persistenceVersion"></string>
                 <int value="2"></int>
                 <string role="key" value="warningMsg"></string>
                 <string value=""></string>
                </dictionary>
               </instance>
               <string role="key" value="_parent"></string>
               <reference key="9"></reference>
               <string role="key" value="_thumbnailResource"></string>
               <none></none>
               <string role="key" value="exe.engine.galleryidevice.GalleryImage.persistenceVersion"></string>
               <int value="3"></int>
               <string role="key" value="makeThumbnail"></string>
               <bool value="0"></bool>
              </dictionary>
             </instance>
             <instance class="exe.engine.galleryidevice.GalleryImage">
              <dictionary>
               <string role="key" value="_caption"></string>
               <instance class="exe.engine.field.TextField">
                <dictionary>
                 <string role="key" value="_id"></string>
                 <int value="181"></int>
                 <string role="key" value="_idevice"></string>
                 <none></none>
                 <string role="key" value="_instruc"></string>
                 <string value=""></string>
                 <string role="key" value="_name"></string>
                 <string value=""></string>
                 <string role="key" value="content"></string>
                 <string value=""></string>
                 <string role="key" value="exe.engine.field.Field.persistenceVersion"></string>
                 <int value="4"></int>
                </dictionary>
               </instance>
               <string role="key" value="_id"></string>
               <unicode value="2_86.22"></unicode>
               <string role="key" value="_imageResource"></string>
               <instance class="exe.engine.resource.Resource" reference="16">
                <dictionary>
                 <string role="key" value="_idevice"></string>
                 <reference key="8"></reference>
                 <string role="key" value="_package"></string>
                 <reference key="5"></reference>
                 <string role="key" value="_storageName"></string>
                 <string value="img6.png"></string>
                 <string role="key" value="_userName"></string>
                 <string value="c:\\users\\danthec\\appdata\\local\\temp\\tmpj66ahy\\img6.png"></string>
                 <string role="key" value="checksum"></string>
                 <string value="047703c236eebb3327aa8293dc10b972"></string>
                 <string role="key" value="exe.engine.resource.Resource.persistenceVersion"></string>
                 <int value="2"></int>
                 <string role="key" value="exe.engine.resource._Resource.persistenceVersion"></string>
                 <int value="2"></int>
                 <string role="key" value="warningMsg"></string>
                 <string value=""></string>
                </dictionary>
               </instance>
               <string role="key" value="_parent"></string>
               <reference key="9"></reference>
               <string role="key" value="_thumbnailResource"></string>
               <none></none>
               <string role="key" value="exe.engine.galleryidevice.GalleryImage.persistenceVersion"></string>
               <int value="3"></int>
               <string role="key" value="makeThumbnail"></string>
               <bool value="0"></bool>
              </dictionary>
             </instance>
             <instance class="exe.engine.galleryidevice.GalleryImage">
              <dictionary>
               <string role="key" value="_caption"></string>
               <instance class="exe.engine.field.TextField">
                <dictionary>
                 <string role="key" value="_id"></string>
                 <int value="182"></int>
                 <string role="key" value="_idevice"></string>
                 <none></none>
                 <string role="key" value="_instruc"></string>
                 <string value=""></string>
                 <string role="key" value="_name"></string>
                 <string value=""></string>
                 <string role="key" value="content"></string>
                 <string value=""></string>
                 <string role="key" value="exe.engine.field.Field.persistenceVersion"></string>
                 <int value="4"></int>
                </dictionary>
               </instance>
               <string role="key" value="_id"></string>
               <unicode value="2_86.23"></unicode>
               <string role="key" value="_imageResource"></string>
               <instance class="exe.engine.resource.Resource" reference="17">
                <dictionary>
                 <string role="key" value="_idevice"></string>
                 <reference key="8"></reference>
                 <string role="key" value="_package"></string>
                 <reference key="5"></reference>
                 <string role="key" value="_storageName"></string>
                 <string value="img7.png"></string>
                 <string role="key" value="_userName"></string>
                 <string value="c:\\users\\danthec\\appdata\\local\\temp\\tmpj66ahy\\img7.png"></string>
                 <string role="key" value="checksum"></string>
                 <string value="63aa13b893d159f9e6ba3d594353ef0a"></string>
                 <string role="key" value="exe.engine.resource.Resource.persistenceVersion"></string>
                 <int value="2"></int>
                 <string role="key" value="exe.engine.resource._Resource.persistenceVersion"></string>
                 <int value="2"></int>
                 <string role="key" value="warningMsg"></string>
                 <string value=""></string>
                </dictionary>
               </instance>
               <string role="key" value="_parent"></string>
               <reference key="9"></reference>
               <string role="key" value="_thumbnailResource"></string>
               <none></none>
               <string role="key" value="exe.engine.galleryidevice.GalleryImage.persistenceVersion"></string>
               <int value="3"></int>
               <string role="key" value="makeThumbnail"></string>
               <bool value="0"></bool>
              </dictionary>
             </instance>
            </list>
            <string role="key" value="idevice"></string>
            <reference key="9"></reference>
           </dictionary>
          </instance>
          <string role="key" value="intlinks_to_anchors"></string>
          <dictionary></dictionary>
          <string role="key" value="nextImageId"></string>
          <int value="24"></int>
          <string role="key" value="parentNode"></string>
          <reference key="3"></reference>
         </dictionary>
        </instance>
        <string role="key" value="edit"></string>
        <bool value="0"></bool>
        <string role="key" value="emphasis"></string>
        <int value="0"></int>
        <string role="key" value="exe.engine.freetextidevice.FreeTextIdevice.persistenceVersion"></string>
        <int value="7"></int>
        <string role="key" value="icon"></string>
        <string value=""></string>
        <string role="key" value="id"></string>
        <unicode value="2"></unicode>
        <string role="key" value="lastIdevice"></string>
        <bool value="0"></bool>
        <string role="key" value="originalicon"></string>
        <string value=""></string>
        <string role="key" value="parent"></string>
        <none></none>
        <string role="key" value="parentNode"></string>
        <reference key="3"></reference>
        <string role="key" value="systemResources"></string>
        <list></list>
        <string role="key" value="type"></string>
        <none></none>
        <string role="key" value="undo"></string>
        <bool value="1"></bool>
        <string role="key" value="userResources"></string>
        <list>
         <reference key="10"></reference>
         <reference key="11"></reference>
         <reference key="12"></reference>
         <reference key="13"></reference>
         <reference key="14"></reference>
         <reference key="15"></reference>
         <reference key="16"></reference>
         <reference key="17"></reference>
        </list>
        <string role="key" value="version"></string>
        <int value="0"></int>
       </dictionary>
      </instance>
     </list>
     <string role="key" value="_id"></string>
     <unicode value="0"></unicode>
     <string role="key" value="_package"></string>
     <reference key="5"></reference>
     <string role="key" value="anchor_fields"></string>
     <list></list>
     <string role="key" value="exe.engine.node.Node.persistenceVersion"></string>
     <int value="2"></int>
     <string role="key" value="exportType"></string>
     <string value="website"></string>
     <string role="key" value="last_full_node_path"></string>
     <string value="exe-node:Interfaz%20de%20Usuario"></string>
     <string role="key" value="parent"></string>
     <none></none>
     <string role="key" value="top_anchors_linked_from_fields"></string>
     <list></list>
     <string role="key" value="children"></string>
     <list></list>
    </dictionary>
   </instance>
  </dictionary>
  <string role="key" value="_objectives"></string>
  <unicode value=""></unicode>
  <string role="key" value="_preknowledge"></string>
  <unicode value=""></unicode>
  <string role="key" value="backgroundImgTile"></string>
  <bool value="0"></bool>
  <string role="key" value="compatibleWithVersion9"></string>
  <bool value="0"></bool>
  <string role="key" value="currentNode"></string>
  <reference key="3"></reference>
  <string role="key" value="dublinCore"></string>
  <instance class="exe.engine.package.DublinCore">
   <dictionary>
    <string role="key" value="contributors"></string>
    <unicode value=""></unicode>
    <string role="key" value="coverage"></string>
    <unicode value=""></unicode>
    <string role="key" value="creator"></string>
    <unicode value=""></unicode>
    <string role="key" value="date"></string>
    <unicode value=""></unicode>
    <string role="key" value="description"></string>
    <unicode value=""></unicode>
    <string role="key" value="format"></string>
    <unicode value=""></unicode>
    <string role="key" value="identifier"></string>
    <unicode value="f729a50d-fd30-4ec0-a62d-683aea6fe555"></unicode>
    <string role="key" value="language"></string>
    <unicode value="es"></unicode>
    <string role="key" value="publisher"></string>
    <unicode value=""></unicode>
    <string role="key" value="relation"></string>
    <unicode value=""></unicode>
    <string role="key" value="rights"></string>
    <unicode value=""></unicode>
    <string role="key" value="source"></string>
    <unicode value=""></unicode>
    <string role="key" value="subject"></string>
    <unicode value=""></unicode>
    <string role="key" value="title"></string>
    <unicode value="Interfaz de Usuario"></unicode>
    <string role="key" value="type"></string>
    <unicode value=""></unicode>
   </dictionary>
  </instance>
  <string role="key" value="exe.engine.package.Package.persistenceVersion"></string>
  <int value="13"></int>
  <string role="key" value="exportMetadataType"></string>
  <string value="LOMES"></string>
  <string role="key" value="exportSource"></string>
  <bool value="1"></bool>
  <string role="key" value="footer"></string>
  <unicode value="Criollo Jose"></unicode>
  <string role="key" value="isLoading"></string>
  <bool value="0"></bool>
  <string role="key" value="license"></string>
  <unicode value="creative commons: attribution - share alike 4.0"></unicode>
  <string role="key" value="lom"></string>
  <instance class="exe.engine.lom.lomsubs.lomSub">
   <dictionary>
    <string role="key" value="__index__"></string>
    <dictionary></dictionary>
    <string role="key" value="__oldchild__"></string>
    <none></none>
    <string role="key" value="annotation"></string>
    <list></list>
    <string role="key" value="classification"></string>
    <list></list>
    <string role="key" value="educational"></string>
    <list>
     <instance class="exe.engine.lom.lomsubs.educationalSub">
      <dictionary>
       <string role="key" value="cognitiveProcess"></string>
       <list></list>
       <string role="key" value="context"></string>
       <list>
        <instance class="exe.engine.lom.lomsubs.contextSub">
         <dictionary>
          <string role="key" value="extensiontype_"></string>
          <none></none>
          <string role="key" value="source"></string>
          <instance class="exe.engine.lom.lomsubs.sourceValueSub">
           <dictionary>
            <string role="key" value="extensiontype_"></string>
            <none></none>
            <string role="key" value="string"></string>
            <list></list>
            <string role="key" value="uniqueElementName"></string>
            <string value="source"></string>
            <string role="key" value="valueOf_"></string>
            <string value="LOMv1.0"></string>
           </dictionary>
          </instance>
          <string role="key" value="value"></string>
          <instance class="exe.engine.lom.lomsubs.contextValueSub">
           <dictionary>
            <string role="key" value="extensiontype_"></string>
            <none></none>
            <string role="key" value="source"></string>
            <none></none>
            <string role="key" value="uniqueElementName"></string>
            <string value="value"></string>
            <string role="key" value="value"></string>
            <none></none>
            <string role="key" value="valueOf_"></string>
            <string value="other"></string>
           </dictionary>
          </instance>
         </dictionary>
        </instance>
        <instance class="exe.engine.lom.lomsubs.contextSub">
         <dictionary>
          <string role="key" value="extensiontype_"></string>
          <none></none>
          <string role="key" value="source"></string>
          <instance class="exe.engine.lom.lomsubs.sourceValueSub">
           <dictionary>
            <string role="key" value="extensiontype_"></string>
            <none></none>
            <string role="key" value="string"></string>
            <list></list>
            <string role="key" value="uniqueElementName"></string>
            <string value="source"></string>
            <string role="key" value="valueOf_"></string>
            <string value="LOMv1.0"></string>
           </dictionary>
          </instance>
          <string role="key" value="value"></string>
          <instance class="exe.engine.lom.lomsubs.contextValueSub">
           <dictionary>
            <string role="key" value="extensiontype_"></string>
            <none></none>
            <string role="key" value="source"></string>
            <none></none>
            <string role="key" value="uniqueElementName"></string>
            <string value="value"></string>
            <string role="key" value="value"></string>
            <none></none>
            <string role="key" value="valueOf_"></string>
            <string value="school"></string>
           </dictionary>
          </instance>
         </dictionary>
        </instance>
       </list>
       <string role="key" value="description"></string>
       <list></list>
       <string role="key" value="difficulty"></string>
       <none></none>
       <string role="key" value="intendedEndUserRole"></string>
       <list>
        <instance class="exe.engine.lom.lomsubs.intendedEndUserRoleSub">
         <dictionary>
          <string role="key" value="extensiontype_"></string>
          <none></none>
          <string role="key" value="source"></string>
          <instance class="exe.engine.lom.lomsubs.sourceValueSub">
           <dictionary>
            <string role="key" value="extensiontype_"></string>
            <none></none>
            <string role="key" value="string"></string>
            <list></list>
            <string role="key" value="uniqueElementName"></string>
            <string value="source"></string>
            <string role="key" value="valueOf_"></string>
            <string value="LOMv1.0"></string>
           </dictionary>
          </instance>
          <string role="key" value="value"></string>
          <instance class="exe.engine.lom.lomsubs.intendedEndUserRoleValueSub">
           <dictionary>
            <string role="key" value="extensiontype_"></string>
            <none></none>
            <string role="key" value="source"></string>
            <none></none>
            <string role="key" value="uniqueElementName"></string>
            <string value="value"></string>
            <string role="key" value="value"></string>
            <none></none>
            <string role="key" value="valueOf_"></string>
            <string value="learner"></string>
           </dictionary>
          </instance>
         </dictionary>
        </instance>
       </list>
       <string role="key" value="interactivityLevel"></string>
       <none></none>
       <string role="key" value="interactivityType"></string>
       <none></none>
       <string role="key" value="language"></string>
       <list>
        <instance class="exe.engine.lom.lomsubs.LanguageIdSub">
         <dictionary>
          <string role="key" value="extensiontype_"></string>
          <none></none>
          <string role="key" value="valueOf_"></string>
          <string value="es"></string>
         </dictionary>
        </instance>
       </list>
       <string role="key" value="learningResourceType"></string>
       <list></list>
       <string role="key" value="semanticDensity"></string>
       <none></none>
       <string role="key" value="typicalAgeRange"></string>
       <list></list>
       <string role="key" value="typicalLearningTime"></string>
       <none></none>
      </dictionary>
     </instance>
    </list>
    <string role="key" value="general"></string>
    <instance class="exe.engine.lom.lomsubs.generalSub">
     <dictionary>
      <string role="key" value="aggregationLevel"></string>
      <instance class="exe.engine.lom.lomsubs.aggregationLevelSub">
       <dictionary>
        <string role="key" value="extensiontype_"></string>
        <none></none>
        <string role="key" value="source"></string>
        <instance class="exe.engine.lom.lomsubs.sourceValueSub">
         <dictionary>
          <string role="key" value="extensiontype_"></string>
          <none></none>
          <string role="key" value="string"></string>
          <list></list>
          <string role="key" value="uniqueElementName"></string>
          <string value="source"></string>
          <string role="key" value="valueOf_"></string>
          <string value="LOMv1.0"></string>
         </dictionary>
        </instance>
        <string role="key" value="uniqueElementName"></string>
        <string value="aggregationLevel"></string>
        <string role="key" value="value"></string>
        <instance class="exe.engine.lom.lomsubs.aggregationLevelValueSub">
         <dictionary>
          <string role="key" value="extensiontype_"></string>
          <none></none>
          <string role="key" value="source"></string>
          <none></none>
          <string role="key" value="uniqueElementName"></string>
          <string value="value"></string>
          <string role="key" value="value"></string>
          <none></none>
          <string role="key" value="valueOf_"></string>
          <string value="2"></string>
         </dictionary>
        </instance>
       </dictionary>
      </instance>
      <string role="key" value="coverage"></string>
      <list></list>
      <string role="key" value="description"></string>
      <list></list>
      <string role="key" value="identifier"></string>
      <list>
       <instance class="exe.engine.lom.lomsubs.identifierSub">
        <dictionary>
         <string role="key" value="catalog"></string>
         <instance class="exe.engine.lom.lomsubs.catalogSub">
          <dictionary>
           <string role="key" value="uniqueElementName"></string>
           <string value="catalog"></string>
           <string role="key" value="valueOf_"></string>
           <unicode value="Mi catálogo"></unicode>
          </dictionary>
         </instance>
         <string role="key" value="entry"></string>
         <instance class="exe.engine.lom.lomsubs.entrySub">
          <dictionary>
           <string role="key" value="uniqueElementName"></string>
           <string value="entry"></string>
           <string role="key" value="valueOf_"></string>
           <unicode value="f729a50d-fd30-4ec0-a62d-683aea6fe555"></unicode>
          </dictionary>
         </instance>
        </dictionary>
       </instance>
      </list>
      <string role="key" value="keyword"></string>
      <list></list>
      <string role="key" value="language"></string>
      <list>
       <instance class="exe.engine.lom.lomsubs.LanguageIdSub">
        <dictionary>
         <string role="key" value="extensiontype_"></string>
         <none></none>
         <string role="key" value="valueOf_"></string>
         <string value="es"></string>
        </dictionary>
       </instance>
      </list>
      <string role="key" value="structure"></string>
      <none></none>
      <string role="key" value="title"></string>
      <instance class="exe.engine.lom.lomsubs.titleSub">
       <dictionary>
        <string role="key" value="extensiontype_"></string>
        <none></none>
        <string role="key" value="string"></string>
        <list>
         <instance class="exe.engine.lom.lomsubs.LangStringSub">
          <dictionary>
           <string role="key" value="language"></string>
           <string value="es"></string>
           <string role="key" value="valueOf_"></string>
           <string value="Interfaz de Usuario"></string>
          </dictionary>
         </instance>
        </list>
        <string role="key" value="uniqueElementName"></string>
        <none></none>
       </dictionary>
      </instance>
      <string role="key" value="uniqueElementName"></string>
      <string value="general"></string>
     </dictionary>
    </instance>
    <string role="key" value="lifeCycle"></string>
    <none></none>
    <string role="key" value="metaMetadata"></string>
    <instance class="exe.engine.lom.lomsubs.metaMetadataSub">
     <dictionary>
      <string role="key" value="contribute"></string>
      <list>
       <instance class="exe.engine.lom.lomsubs.contributeMetaSub">
        <dictionary>
         <string role="key" value="date"></string>
         <instance class="exe.engine.lom.lomsubs.dateSub">
          <dictionary>
           <string role="key" value="dateTime"></string>
           <instance class="exe.engine.lom.lomsubs.DateTimeValueSub">
            <dictionary>
             <string role="key" value="uniqueElementName"></string>
             <string value="dateTime"></string>
             <string role="key" value="valueOf_"></string>
             <string value="2018-01-09T06:59:20.00-05:00"></string>
            </dictionary>
           </instance>
           <string role="key" value="description"></string>
           <instance class="exe.engine.lom.lomsubs.LanguageStringSub">
            <dictionary>
             <string role="key" value="extensiontype_"></string>
             <none></none>
             <string role="key" value="string"></string>
             <list>
              <instance class="exe.engine.lom.lomsubs.LangStringSub">
               <dictionary>
                <string role="key" value="language"></string>
                <string value="es"></string>
                <string role="key" value="valueOf_"></string>
                <string value="Fecha de creaci\xc3\xb3n de los metadatos"></string>
               </dictionary>
              </instance>
             </list>
            </dictionary>
           </instance>
           <string role="key" value="extensiontype_"></string>
           <none></none>
           <string role="key" value="uniqueElementName"></string>
           <none></none>
           <string role="key" value="valueOf_"></string>
           <none></none>
          </dictionary>
         </instance>
         <string role="key" value="entity"></string>
         <list>
          <instance class="exe.engine.lom.lomsubs.entitySub">
           <dictionary>
            <string role="key" value="extensiontype_"></string>
            <none></none>
            <string role="key" value="valueOf_"></string>
            <string value="BEGIN:VCARD VERSION:3.0 FN: EMAIL;TYPE=INTERNET: ORG: END:VCARD"></string>
           </dictionary>
          </instance>
         </list>
         <string role="key" value="role"></string>
         <instance class="exe.engine.lom.lomsubs.roleSub">
          <dictionary>
           <string role="key" value="extensiontype_"></string>
           <none></none>
           <string role="key" value="source"></string>
           <instance class="exe.engine.lom.lomsubs.sourceValueSub">
            <dictionary>
             <string role="key" value="extensiontype_"></string>
             <none></none>
             <string role="key" value="string"></string>
             <list></list>
             <string role="key" value="uniqueElementName"></string>
             <string value="source"></string>
             <string role="key" value="valueOf_"></string>
             <string value="LOMv1.0"></string>
            </dictionary>
           </instance>
           <string role="key" value="uniqueElementName"></string>
           <string value="role"></string>
           <string role="key" value="value"></string>
           <instance class="exe.engine.lom.lomsubs.roleValueSub">
            <dictionary>
             <string role="key" value="extensiontype_"></string>
             <none></none>
             <string role="key" value="source"></string>
             <none></none>
             <string role="key" value="uniqueElementName"></string>
             <string value="value"></string>
             <string role="key" value="value"></string>
             <none></none>
             <string role="key" value="valueOf_"></string>
             <string value="creator"></string>
            </dictionary>
           </instance>
          </dictionary>
         </instance>
        </dictionary>
       </instance>
      </list>
      <string role="key" value="identifier"></string>
      <list></list>
      <string role="key" value="language"></string>
      <instance class="exe.engine.lom.lomsubs.LanguageIdSub">
       <dictionary>
        <string role="key" value="extensiontype_"></string>
        <none></none>
        <string role="key" value="valueOf_"></string>
        <string value="es"></string>
       </dictionary>
      </instance>
      <string role="key" value="metadataSchema"></string>
      <list>
       <instance class="exe.engine.lom.lomsubs.metadataSchemaSub">
        <dictionary>
         <string role="key" value="valueOf_"></string>
         <string value="LOMv1.0"></string>
        </dictionary>
       </instance>
      </list>
      <string role="key" value="uniqueElementName"></string>
      <string value="metaMetadata"></string>
     </dictionary>
    </instance>
    <string role="key" value="relation"></string>
    <list></list>
    <string role="key" value="rights"></string>
    <instance class="exe.engine.lom.lomsubs.rightsSub">
     <dictionary>
      <string role="key" value="access"></string>
      <none></none>
      <string role="key" value="copyrightAndOtherRestrictions"></string>
      <instance class="exe.engine.lom.lomsubs.copyrightAndOtherRestrictionsSub">
       <dictionary>
        <string role="key" value="extensiontype_"></string>
        <none></none>
        <string role="key" value="source"></string>
        <instance class="exe.engine.lom.lomsubs.sourceValueSub">
         <dictionary>
          <string role="key" value="extensiontype_"></string>
          <none></none>
          <string role="key" value="string"></string>
          <list></list>
          <string role="key" value="uniqueElementName"></string>
          <string value="source"></string>
          <string role="key" value="valueOf_"></string>
          <string value="LOMv1.0"></string>
         </dictionary>
        </instance>
        <string role="key" value="uniqueElementName"></string>
        <string value="copyrightAndOtherRestrictions"></string>
        <string role="key" value="value"></string>
        <instance class="exe.engine.lom.lomsubs.copyrightAndOtherRestrictionsValueSub">
         <dictionary>
          <string role="key" value="extensiontype_"></string>
          <none></none>
          <string role="key" value="source"></string>
          <none></none>
          <string role="key" value="uniqueElementName"></string>
          <string value="value"></string>
          <string role="key" value="value"></string>
          <none></none>
          <string role="key" value="valueOf_"></string>
          <string value="yes"></string>
         </dictionary>
        </instance>
       </dictionary>
      </instance>
      <string role="key" value="cost"></string>
      <none></none>
      <string role="key" value="description"></string>
      <none></none>
      <string role="key" value="uniqueElementName"></string>
      <none></none>
     </dictionary>
    </instance>
    <string role="key" value="technical"></string>
    <none></none>
   </dictionary>
  </instance>
  <string role="key" value="lomEs"></string>
  <instance class="exe.engine.lom.lomsubs.lomSub">
   <dictionary>
    <string role="key" value="__index__"></string>
    <dictionary></dictionary>
    <string role="key" value="__oldchild__"></string>
    <none></none>
    <string role="key" value="annotation"></string>
    <list></list>
    <string role="key" value="classification"></string>
    <list></list>
    <string role="key" value="educational"></string>
    <list>
     <instance class="exe.engine.lom.lomsubs.educationalSub">
      <dictionary>
       <string role="key" value="cognitiveProcess"></string>
       <list></list>
       <string role="key" value="context"></string>
       <list>
        <instance class="exe.engine.lom.lomsubs.contextSub">
         <dictionary>
          <string role="key" value="extensiontype_"></string>
          <none></none>
          <string role="key" value="source"></string>
          <instance class="exe.engine.lom.lomsubs.sourceValueSub">
           <dictionary>
            <string role="key" value="extensiontype_"></string>
            <none></none>
            <string role="key" value="string"></string>
            <list></list>
            <string role="key" value="uniqueElementName"></string>
            <string value="source"></string>
            <string role="key" value="valueOf_"></string>
            <string value="LOM-ESv1.0"></string>
           </dictionary>
          </instance>
          <string role="key" value="value"></string>
          <instance class="exe.engine.lom.lomsubs.contextValueSub">
           <dictionary>
            <string role="key" value="extensiontype_"></string>
            <none></none>
            <string role="key" value="source"></string>
            <none></none>
            <string role="key" value="uniqueElementName"></string>
            <string value="value"></string>
            <string role="key" value="value"></string>
            <none></none>
            <string role="key" value="valueOf_"></string>
            <string value="presencial"></string>
           </dictionary>
          </instance>
         </dictionary>
        </instance>
        <instance class="exe.engine.lom.lomsubs.contextSub">
         <dictionary>
          <string role="key" value="extensiontype_"></string>
          <none></none>
          <string role="key" value="source"></string>
          <instance class="exe.engine.lom.lomsubs.sourceValueSub">
           <dictionary>
            <string role="key" value="extensiontype_"></string>
            <none></none>
            <string role="key" value="string"></string>
            <list></list>
            <string role="key" value="uniqueElementName"></string>
            <string value="source"></string>
            <string role="key" value="valueOf_"></string>
            <string value="LOM-ESv1.0"></string>
           </dictionary>
          </instance>
          <string role="key" value="value"></string>
          <instance class="exe.engine.lom.lomsubs.contextValueSub">
           <dictionary>
            <string role="key" value="extensiontype_"></string>
            <none></none>
            <string role="key" value="source"></string>
            <none></none>
            <string role="key" value="uniqueElementName"></string>
            <string value="value"></string>
            <string role="key" value="value"></string>
            <none></none>
            <string role="key" value="valueOf_"></string>
            <string value="classroom"></string>
           </dictionary>
          </instance>
         </dictionary>
        </instance>
       </list>
       <string role="key" value="description"></string>
       <list></list>
       <string role="key" value="difficulty"></string>
       <none></none>
       <string role="key" value="intendedEndUserRole"></string>
       <list>
        <instance class="exe.engine.lom.lomsubs.intendedEndUserRoleSub">
         <dictionary>
          <string role="key" value="extensiontype_"></string>
          <none></none>
          <string role="key" value="source"></string>
          <instance class="exe.engine.lom.lomsubs.sourceValueSub">
           <dictionary>
            <string role="key" value="extensiontype_"></string>
            <none></none>
            <string role="key" value="string"></string>
            <list></list>
            <string role="key" value="uniqueElementName"></string>
            <string value="source"></string>
            <string role="key" value="valueOf_"></string>
            <string value="LOM-ESv1.0"></string>
           </dictionary>
          </instance>
          <string role="key" value="value"></string>
          <instance class="exe.engine.lom.lomsubs.intendedEndUserRoleValueSub">
           <dictionary>
            <string role="key" value="extensiontype_"></string>
            <none></none>
            <string role="key" value="source"></string>
            <none></none>
            <string role="key" value="uniqueElementName"></string>
            <string value="value"></string>
            <string role="key" value="value"></string>
            <none></none>
            <string role="key" value="valueOf_"></string>
            <string value="learner"></string>
           </dictionary>
          </instance>
         </dictionary>
        </instance>
       </list>
       <string role="key" value="interactivityLevel"></string>
       <none></none>
       <string role="key" value="interactivityType"></string>
       <none></none>
       <string role="key" value="language"></string>
       <list>
        <instance class="exe.engine.lom.lomsubs.LanguageIdSub">
         <dictionary>
          <string role="key" value="extensiontype_"></string>
          <none></none>
          <string role="key" value="valueOf_"></string>
          <string value="es"></string>
         </dictionary>
        </instance>
       </list>
       <string role="key" value="learningResourceType"></string>
       <list></list>
       <string role="key" value="semanticDensity"></string>
       <none></none>
       <string role="key" value="typicalAgeRange"></string>
       <list></list>
       <string role="key" value="typicalLearningTime"></string>
       <none></none>
      </dictionary>
     </instance>
    </list>
    <string role="key" value="general"></string>
    <instance class="exe.engine.lom.lomsubs.generalSub">
     <dictionary>
      <string role="key" value="aggregationLevel"></string>
      <instance class="exe.engine.lom.lomsubs.aggregationLevelSub">
       <dictionary>
        <string role="key" value="extensiontype_"></string>
        <none></none>
        <string role="key" value="source"></string>
        <instance class="exe.engine.lom.lomsubs.sourceValueSub">
         <dictionary>
          <string role="key" value="extensiontype_"></string>
          <none></none>
          <string role="key" value="string"></string>
          <list></list>
          <string role="key" value="uniqueElementName"></string>
          <string value="source"></string>
          <string role="key" value="valueOf_"></string>
          <string value="LOM-ESv1.0"></string>
         </dictionary>
        </instance>
        <string role="key" value="uniqueElementName"></string>
        <string value="aggregationLevel"></string>
        <string role="key" value="value"></string>
        <instance class="exe.engine.lom.lomsubs.aggregationLevelValueSub">
         <dictionary>
          <string role="key" value="extensiontype_"></string>
          <none></none>
          <string role="key" value="source"></string>
          <none></none>
          <string role="key" value="uniqueElementName"></string>
          <string value="value"></string>
          <string role="key" value="value"></string>
          <none></none>
          <string role="key" value="valueOf_"></string>
          <string value="2"></string>
         </dictionary>
        </instance>
       </dictionary>
      </instance>
      <string role="key" value="coverage"></string>
      <list></list>
      <string role="key" value="description"></string>
      <list></list>
      <string role="key" value="identifier"></string>
      <list>
       <instance class="exe.engine.lom.lomsubs.identifierSub">
        <dictionary>
         <string role="key" value="catalog"></string>
         <instance class="exe.engine.lom.lomsubs.catalogSub">
          <dictionary>
           <string role="key" value="uniqueElementName"></string>
           <string value="catalog"></string>
           <string role="key" value="valueOf_"></string>
           <unicode value="Mi catálogo"></unicode>
          </dictionary>
         </instance>
         <string role="key" value="entry"></string>
         <instance class="exe.engine.lom.lomsubs.entrySub">
          <dictionary>
           <string role="key" value="uniqueElementName"></string>
           <string value="entry"></string>
           <string role="key" value="valueOf_"></string>
           <unicode value="f729a50d-fd30-4ec0-a62d-683aea6fe555"></unicode>
          </dictionary>
         </instance>
        </dictionary>
       </instance>
      </list>
      <string role="key" value="keyword"></string>
      <list></list>
      <string role="key" value="language"></string>
      <list>
       <instance class="exe.engine.lom.lomsubs.LanguageIdSub">
        <dictionary>
         <string role="key" value="extensiontype_"></string>
         <none></none>
         <string role="key" value="valueOf_"></string>
         <string value="es"></string>
        </dictionary>
       </instance>
      </list>
      <string role="key" value="structure"></string>
      <none></none>
      <string role="key" value="title"></string>
      <instance class="exe.engine.lom.lomsubs.titleSub">
       <dictionary>
        <string role="key" value="extensiontype_"></string>
        <none></none>
        <string role="key" value="string"></string>
        <list>
         <instance class="exe.engine.lom.lomsubs.LangStringSub">
          <dictionary>
           <string role="key" value="language"></string>
           <string value="es"></string>
           <string role="key" value="valueOf_"></string>
           <string value="Interfaz de Usuario"></string>
          </dictionary>
         </instance>
        </list>
        <string role="key" value="uniqueElementName"></string>
        <none></none>
       </dictionary>
      </instance>
      <string role="key" value="uniqueElementName"></string>
      <string value="general"></string>
     </dictionary>
    </instance>
    <string role="key" value="lifeCycle"></string>
    <none></none>
    <string role="key" value="metaMetadata"></string>
    <instance class="exe.engine.lom.lomsubs.metaMetadataSub">
     <dictionary>
      <string role="key" value="contribute"></string>
      <list>
       <instance class="exe.engine.lom.lomsubs.contributeMetaSub">
        <dictionary>
         <string role="key" value="date"></string>
         <instance class="exe.engine.lom.lomsubs.dateSub">
          <dictionary>
           <string role="key" value="dateTime"></string>
           <instance class="exe.engine.lom.lomsubs.DateTimeValueSub">
            <dictionary>
             <string role="key" value="uniqueElementName"></string>
             <string value="dateTime"></string>
             <string role="key" value="valueOf_"></string>
             <string value="2018-01-09T06:59:20.00-05:00"></string>
            </dictionary>
           </instance>
           <string role="key" value="description"></string>
           <instance class="exe.engine.lom.lomsubs.LanguageStringSub">
            <dictionary>
             <string role="key" value="extensiontype_"></string>
             <none></none>
             <string role="key" value="string"></string>
             <list>
              <instance class="exe.engine.lom.lomsubs.LangStringSub">
               <dictionary>
                <string role="key" value="language"></string>
                <string value="es"></string>
                <string role="key" value="valueOf_"></string>
                <string value="Fecha de creaci\xc3\xb3n de los metadatos"></string>
               </dictionary>
              </instance>
             </list>
            </dictionary>
           </instance>
           <string role="key" value="extensiontype_"></string>
           <none></none>
           <string role="key" value="uniqueElementName"></string>
           <none></none>
           <string role="key" value="valueOf_"></string>
           <none></none>
          </dictionary>
         </instance>
         <string role="key" value="entity"></string>
         <list>
          <instance class="exe.engine.lom.lomsubs.entitySub">
           <dictionary>
            <string role="key" value="extensiontype_"></string>
            <none></none>
            <string role="key" value="valueOf_"></string>
            <string value="BEGIN:VCARD VERSION:3.0 FN: EMAIL;TYPE=INTERNET: ORG: END:VCARD"></string>
           </dictionary>
          </instance>
         </list>
         <string role="key" value="role"></string>
         <instance class="exe.engine.lom.lomsubs.roleSub">
          <dictionary>
           <string role="key" value="extensiontype_"></string>
           <none></none>
           <string role="key" value="source"></string>
           <instance class="exe.engine.lom.lomsubs.sourceValueSub">
            <dictionary>
             <string role="key" value="extensiontype_"></string>
             <none></none>
             <string role="key" value="string"></string>
             <list></list>
             <string role="key" value="uniqueElementName"></string>
             <string value="source"></string>
             <string role="key" value="valueOf_"></string>
             <string value="LOM-ESv1.0"></string>
            </dictionary>
           </instance>
           <string role="key" value="uniqueElementName"></string>
           <string value="role"></string>
           <string role="key" value="value"></string>
           <instance class="exe.engine.lom.lomsubs.roleValueSub">
            <dictionary>
             <string role="key" value="extensiontype_"></string>
             <none></none>
             <string role="key" value="source"></string>
             <none></none>
             <string role="key" value="uniqueElementName"></string>
             <string value="value"></string>
             <string role="key" value="value"></string>
             <none></none>
             <string role="key" value="valueOf_"></string>
             <string value="creator"></string>
            </dictionary>
           </instance>
          </dictionary>
         </instance>
        </dictionary>
       </instance>
      </list>
      <string role="key" value="identifier"></string>
      <list></list>
      <string role="key" value="language"></string>
      <instance class="exe.engine.lom.lomsubs.LanguageIdSub">
       <dictionary>
        <string role="key" value="extensiontype_"></string>
        <none></none>
        <string role="key" value="valueOf_"></string>
        <string value="es"></string>
       </dictionary>
      </instance>
      <string role="key" value="metadataSchema"></string>
      <list>
       <instance class="exe.engine.lom.lomsubs.metadataSchemaSub">
        <dictionary>
         <string role="key" value="valueOf_"></string>
         <string value="LOM-ESv1.0"></string>
        </dictionary>
       </instance>
      </list>
      <string role="key" value="uniqueElementName"></string>
      <string value="metaMetadata"></string>
     </dictionary>
    </instance>
    <string role="key" value="relation"></string>
    <list></list>
    <string role="key" value="rights"></string>
    <instance class="exe.engine.lom.lomsubs.rightsSub">
     <dictionary>
      <string role="key" value="access"></string>
      <instance class="exe.engine.lom.lomsubs.accessSub">
       <dictionary>
        <string role="key" value="accessType"></string>
        <instance class="exe.engine.lom.lomsubs.accessTypeSub">
         <dictionary>
          <string role="key" value="extensiontype_"></string>
          <none></none>
          <string role="key" value="source"></string>
          <instance class="exe.engine.lom.lomsubs.sourceValueSub">
           <dictionary>
            <string role="key" value="extensiontype_"></string>
            <none></none>
            <string role="key" value="string"></string>
            <list></list>
            <string role="key" value="uniqueElementName"></string>
            <string value="source"></string>
            <string role="key" value="valueOf_"></string>
            <string value="LOM-ESv1.0"></string>
           </dictionary>
          </instance>
          <string role="key" value="uniqueElementName"></string>
          <string value="accessType"></string>
          <string role="key" value="value"></string>
          <instance class="exe.engine.lom.lomsubs.accessTypeValueSub">
           <dictionary>
            <string role="key" value="extensiontype_"></string>
            <none></none>
            <string role="key" value="source"></string>
            <none></none>
            <string role="key" value="uniqueElementName"></string>
            <string value="value"></string>
            <string role="key" value="value"></string>
            <none></none>
            <string role="key" value="valueOf_"></string>
            <string value="universal"></string>
           </dictionary>
          </instance>
         </dictionary>
        </instance>
        <string role="key" value="description"></string>
        <instance class="exe.engine.lom.lomsubs.LanguageStringSub">
         <dictionary>
          <string role="key" value="extensiontype_"></string>
          <none></none>
          <string role="key" value="string"></string>
          <list>
           <instance class="exe.engine.lom.lomsubs.LangStringSub">
            <dictionary>
             <string role="key" value="language"></string>
             <string value="es"></string>
             <string role="key" value="valueOf_"></string>
             <unicode value="Preestablecido"></unicode>
            </dictionary>
           </instance>
          </list>
         </dictionary>
        </instance>
        <string role="key" value="uniqueElementName"></string>
        <string value="access"></string>
       </dictionary>
      </instance>
      <string role="key" value="copyrightAndOtherRestrictions"></string>
      <instance class="exe.engine.lom.lomsubs.copyrightAndOtherRestrictionsSub">
       <dictionary>
        <string role="key" value="extensiontype_"></string>
        <none></none>
        <string role="key" value="source"></string>
        <instance class="exe.engine.lom.lomsubs.sourceValueSub">
         <dictionary>
          <string role="key" value="extensiontype_"></string>
          <none></none>
          <string role="key" value="string"></string>
          <list></list>
          <string role="key" value="uniqueElementName"></string>
          <string value="source"></string>
          <string role="key" value="valueOf_"></string>
          <string value="LOM-ESv1.0"></string>
         </dictionary>
        </instance>
        <string role="key" value="uniqueElementName"></string>
        <string value="copyrightAndOtherRestrictions"></string>
        <string role="key" value="value"></string>
        <instance class="exe.engine.lom.lomsubs.copyrightAndOtherRestrictionsValueSub">
         <dictionary>
          <string role="key" value="extensiontype_"></string>
          <none></none>
          <string role="key" value="source"></string>
          <none></none>
          <string role="key" value="uniqueElementName"></string>
          <string value="value"></string>
          <string role="key" value="value"></string>
          <none></none>
          <string role="key" value="valueOf_"></string>
          <string value="creative commons: attribution - share alike"></string>
         </dictionary>
        </instance>
       </dictionary>
      </instance>
      <string role="key" value="cost"></string>
      <none></none>
      <string role="key" value="description"></string>
      <none></none>
      <string role="key" value="uniqueElementName"></string>
      <string value="rights"></string>
     </dictionary>
    </instance>
    <string role="key" value="technical"></string>
    <none></none>
   </dictionary>
  </instance>
  <string role="key" value="mxmlforcemediaonly"></string>
  <bool value="0"></bool>
  <string role="key" value="mxmlheight"></string>
  <string value=""></string>
  <string role="key" value="mxmlprofilelist"></string>
  <string value=""></string>
  <string role="key" value="mxmlwidth"></string>
  <string value=""></string>
  <string role="key" value="resources"></string>
  <dictionary>
   <string role="key" value="047703c236eebb3327aa8293dc10b972"></string>
   <list>
    <reference key="16"></reference>
   </list>
   <string role="key" value="1a595fe7264ce2df80ae914839440aaa"></string>
   <list>
    <reference key="15"></reference>
   </list>
   <string role="key" value="31ff2b602cd10f5cd6bb2e794c435c33"></string>
   <list>
    <reference key="14"></reference>
   </list>
   <string role="key" value="4ad2339c645994da2daf8012575756d8"></string>
   <list>
    <reference key="11"></reference>
   </list>
   <string role="key" value="53d10b857d872f20e3025aef2beb142c"></string>
   <list>
    <reference key="10"></reference>
   </list>
   <string role="key" value="5cef9f035b7b7873043fd87b533eed81"></string>
   <list>
    <reference key="13"></reference>
   </list>
   <string role="key" value="63aa13b893d159f9e6ba3d594353ef0a"></string>
   <list>
    <reference key="17"></reference>
   </list>
   <string role="key" value="a29d93da1dbe8e6c30c2b7f39a14db49"></string>
   <list>
    <reference key="7"></reference>
   </list>
   <string role="key" value="d7bbffbce748372afd2eacd46964c98c"></string>
   <list>
    <reference key="12"></reference>
   </list>
  </dictionary>
  <string role="key" value="root"></string>
  <reference key="3"></reference>
  <string role="key" value="scolinks"></string>
  <bool value="0"></bool>
  <string role="key" value="scowsinglepage"></string>
  <bool value="0"></bool>
  <string role="key" value="scowwebsite"></string>
  <bool value="0"></bool>
  <string role="key" value="style"></string>
  <unicode value="INTEF"></unicode>
  <string role="key" value="sugaractivityname"></string>
  <string value=""></string>
  <string role="key" value="sugarservicename"></string>
  <string value=""></string>
  <string role="key" value="tempFile"></string>
  <bool value="0"></bool>
 </dictionary>
</instance>