<?xml version="1.0" encoding="utf-8"?>

<instance xmlns="http://www.exelearning.org/content/v0.3" reference="8" version="0.3" xmlns:xsi="http://www.w3.org/2001/XMLSchema-instance" xsi:schemalocation="http://www.exelearning.org/content/v0.3 content.xsd" class="exe.engine.package.Package">
 <dictionary>
  <string role="key" value="_title"></string>
  <unicode value=""></unicode>
  <string role="key" value="idevices"></string>
  <list></list>
  <string role="key" value="_backgroundImg"></string>
  <unicode value=""></unicode>
  <string role="key" value="_contextMode"></string>
  <unicode value=""></unicode>
  <string role="key" value="_contextPlace"></string>
  <unicode value=""></unicode>
  <string role="key" value="_docType"></string>
  <string value="HTML5"></string>
  <string role="key" value="_intendedEndUserRoleGroup"></string>
  <bool value="0"></bool>
  <string role="key" value="_intendedEndUserRoleTutor"></string>
  <bool value="0"></bool>
  <string role="key" value="_intendedEndUserRoleType"></string>
  <unicode value=""></unicode>
  <string role="key" value="_isChanged"></string>
  <bool value="0"></bool>
  <string role="key" value="_lang"></string>
  <unicode value="es"></unicode>
  <string role="key" value="_learningResourceType"></string>
  <unicode value=""></unicode>
  <string role="key" value="_levelNames"></string>
  <list>
   <unicode value="Topic"></unicode>
   <unicode value="Section"></unicode>
   <unicode value="Unit"></unicode>
  </list>
  <string role="key" value="_name"></string>
  <unicode value="versiones"></unicode>
  <string role="key" value="_nextIdeviceId"></string>
  <int value="3"></int>
  <string role="key" value="_nextNodeId"></string>
  <int value="1"></int>
  <string role="key" value="_nodeIdDict"></string>
  <dictionary>
   <unicode role="key" value="0"></unicode>
   <instance class="exe.engine.node.Node" reference="3">
    <dictionary>
     <string role="key" value="_title"></string>
     <unicode value="Inicio"></unicode>
     <string role="key" value="idevices"></string>
     <list>
      <instance class="exe.engine.genericidevice.GenericIdevice" reference="1">
       <dictionary>
        <string role="key" value="_title"></string>
        <unicode value="Sistema de Control de Versiones "></unicode>
        <string role="key" value="_author"></string>
        <unicode value="University of Auckland"></unicode>
        <string role="key" value="_purpose"></string>
        <unicode value="Objectives describe the expected outcomes of the learning and should
define what the learners will be able to do when they have completed the
learning tasks."></unicode>
        <string role="key" value="_tip"></string>
        <unicode value=""></unicode>
        <string role="key" value="class_"></string>
        <unicode value="objectives"></unicode>
        <string role="key" value="edit"></string>
        <bool value="0"></bool>
        <string role="key" value="emphasis"></string>
        <int value="1"></int>
        <string role="key" value="exe.engine.genericidevice.GenericIdevice.persistenceVersion"></string>
        <int value="11"></int>
        <string role="key" value="fields"></string>
        <list>
         <instance class="exe.engine.field.TextAreaField" reference="2">
          <dictionary>
           <string role="key" value="_id"></string>
           <unicode value="109_2"></unicode>
           <string role="key" value="_idevice"></string>
           <reference key="1"></reference>
           <string role="key" value="_instruc"></string>
           <unicode value="Type the learning objectives for this resource."></unicode>
           <string role="key" value="_name"></string>
           <unicode value="Objectives"></unicode>
           <string role="key" value="anchor_names"></string>
           <list></list>
           <string role="key" value="anchors_linked_from_fields"></string>
           <dictionary></dictionary>
           <string role="key" value="content_w_resourcePaths"></string>
           <unicode content="true" value="&lt;p&gt;Objetivos:&lt;/p&gt;
&lt;p&gt;Definir que es controlador de versiones&lt;/p&gt;
&lt;p&gt;Definir que hace un controlador de versiones&lt;/p&gt;
&lt;p&gt;Estudiar los principales controladores de veriones&lt;/p&gt;"></unicode>
           <string role="key" value="exe.engine.field.Field.persistenceVersion"></string>
           <int value="4"></int>
           <string role="key" value="exe.engine.field.FieldWithResources.persistenceVersion"></string>
           <int value="2"></int>
           <string role="key" value="exe.engine.field.TextAreaField.persistenceVersion"></string>
           <int value="3"></int>
           <string role="key" value="htmlTag"></string>
           <string value="div"></string>
           <string role="key" value="images"></string>
           <instance class="exe.engine.galleryidevice.GalleryImages">
            <dictionary>
             <string role="key" value=".listitems"></string>
             <list></list>
             <string role="key" value="idevice"></string>
             <reference key="2"></reference>
            </dictionary>
           </instance>
           <string role="key" value="intlinks_to_anchors"></string>
           <dictionary></dictionary>
           <string role="key" value="nextImageId"></string>
           <int value="0"></int>
           <string role="key" value="parentNode"></string>
           <reference key="3"></reference>
          </dictionary>
         </instance>
        </list>
        <string role="key" value="icon"></string>
        <unicode value="objectives"></unicode>
        <string role="key" value="id"></string>
        <unicode value="0"></unicode>
        <string role="key" value="lastIdevice"></string>
        <bool value="0"></bool>
        <string role="key" value="nextFieldId"></string>
        <int value="3"></int>
        <string role="key" value="originalicon"></string>
        <unicode value="objectives"></unicode>
        <string role="key" value="parentNode"></string>
        <reference key="3"></reference>
        <string role="key" value="systemResources"></string>
        <list>
         <string value="common.js"></string>
        </list>
        <string role="key" value="undo"></string>
        <bool value="1"></bool>
        <string role="key" value="userResources"></string>
        <list></list>
        <string role="key" value="version"></string>
        <int value="0"></int>
       </dictionary>
      </instance>
      <instance class="exe.engine.freetextidevice.FreeTextIdevice" reference="4">
       <dictionary>
        <string role="key" value="_title"></string>
        <unicode value="Free Text"></unicode>
        <string role="key" value="_author"></string>
        <unicode value="University of Auckland"></unicode>
        <string role="key" value="_purpose"></string>
        <unicode value="The majority of a learning resource will be 
establishing context, delivering instructions and providing general information.
This provides the framework within which the learning activities are built and 
delivered."></unicode>
        <string role="key" value="_tip"></string>
        <string value=""></string>
        <string role="key" value="childs"></string>
        <list></list>
        <string role="key" value="content"></string>
        <instance class="exe.engine.field.TextAreaField" reference="5">
         <dictionary>
          <string role="key" value="_id"></string>
          <int value="86"></int>
          <string role="key" value="_idevice"></string>
          <reference key="4"></reference>
          <string role="key" value="_instruc"></string>
          <unicode value="Use this field to enter text. This 
iDevice has no emphasis applied although limited formatting can be applied to 
text through the text editing buttons associated with the field."></unicode>
          <string role="key" value="_name"></string>
          <unicode value="Free Text"></unicode>
          <string role="key" value="anchor_names"></string>
          <list></list>
          <string role="key" value="anchors_linked_from_fields"></string>
          <dictionary></dictionary>
          <string role="key" value="content_w_resourcePaths"></string>
          <unicode content="true" value="&lt;p&gt;Se llama &lt;b&gt;control de versiones&lt;/b&gt; a la gestión de los diversos cambios que se realizan sobre los elementos de algún producto o una &lt;a href=&quot;https://es.wikipedia.org/wiki/Gesti%C3%B3n_de_configuraci%C3%B3n_de_software&quot; title=&quot;Gestión de configuración de software&quot;&gt;configuración&lt;/a&gt; del mismo. Una versión, revisión o edición de un producto, es el estado en el que se encuentra el mismo en un momento dado de su desarrollo o modificación.&lt;/p&gt;
&lt;p&gt;Aunque un sistema de control de versiones puede realizarse de forma manual, es muy aconsejable disponer de herramientas que faciliten esta gestión dando lugar a los llamados &lt;b&gt;sistemas de control de versiones&lt;/b&gt; o &lt;b&gt;VCS&lt;/b&gt; (del inglés &lt;i&gt;Version Control System&lt;/i&gt;). Estos sistemas facilitan la administración de las distintas versiones de cada producto desarrollado, así como las posibles especializaciones realizadas (por ejemplo, para algún cliente específico). Ejemplos de este tipo de herramientas son entre otros: &lt;a href=&quot;https://es.wikipedia.org/wiki/CVS&quot; title=&quot;CVS&quot;&gt;CVS&lt;/a&gt;, &lt;a href=&quot;https://es.wikipedia.org/wiki/Subversion&quot; class=&quot;mw-redirect&quot; title=&quot;Subversion&quot;&gt;Subversion&lt;/a&gt;, &lt;a href=&quot;https://es.wikipedia.org/wiki/SourceSafe&quot; class=&quot;mw-redirect&quot; title=&quot;SourceSafe&quot;&gt;SourceSafe&lt;/a&gt;, &lt;a href=&quot;https://en.wikipedia.org/wiki/Rational_ClearCase&quot; class=&quot;extiw&quot; title=&quot;en:Rational ClearCase&quot;&gt;ClearCase&lt;/a&gt;, &lt;a href=&quot;https://es.wikipedia.org/wiki/Darcs&quot; title=&quot;Darcs&quot;&gt;Darcs&lt;/a&gt;, &lt;a href=&quot;https://es.wikipedia.org/wiki/Bazaar_(software)&quot; title=&quot;Bazaar (software)&quot;&gt;Bazaar&lt;/a&gt;, &lt;a href=&quot;https://es.wikipedia.org/wiki/Plastic_SCM&quot; title=&quot;Plastic SCM&quot;&gt;Plastic SCM&lt;/a&gt;, &lt;a href=&quot;https://es.wikipedia.org/wiki/Git&quot; title=&quot;Git&quot;&gt;Git&lt;/a&gt;, &lt;a href=&quot;https://es.wikipedia.org/w/index.php?title=SCCS&amp;amp;action=edit&amp;amp;redlink=1&quot; class=&quot;new&quot; title=&quot;SCCS (aún no redactado)&quot;&gt;SCCS&lt;/a&gt;, &lt;a href=&quot;https://es.wikipedia.org/wiki/Mercurial&quot; title=&quot;Mercurial&quot;&gt;Mercurial&lt;/a&gt;, &lt;a href=&quot;https://es.wikipedia.org/wiki/Perforce&quot; title=&quot;Perforce&quot;&gt;Perforce&lt;/a&gt;, &lt;a href=&quot;https://es.wikipedia.org/wiki/Fossil_(gesti%C3%B3n_de_configuraci%C3%B3n_de_software)&quot; title=&quot;Fossil (gestión de configuración de software)&quot;&gt;Fossil SCM&lt;/a&gt;, Team Foundation Server.&lt;/p&gt;
&lt;p&gt;El control de versiones se realiza principalmente en la industria informática para controlar las distintas versiones del &lt;a href=&quot;https://es.wikipedia.org/wiki/C%C3%B3digo_fuente&quot; title=&quot;Código fuente&quot;&gt;código fuente&lt;/a&gt; dando lugar a los &lt;b&gt;sistemas de control de código fuente&lt;/b&gt; o SCM (siglas del inglés &lt;i&gt;Source Code Management&lt;/i&gt;). Sin embargo, los mismos conceptos son aplicables a otros ámbitos como documentos, imágenes, sitios web, etc.&lt;/p&gt;
&lt;p&gt;Un sistema de control de versiones debe proporcionar:&lt;/p&gt;
&lt;ul&gt;
&lt;li&gt;Mecanismo de almacenamiento de los elementos que deba gestionar (ej. archivos de texto, imágenes, documentación...).&lt;/li&gt;
&lt;li&gt;Posibilidad de realizar cambios sobre los elementos almacenados (ej. modificaciones parciales, añadir, borrar, renombrar o mover elementos).&lt;/li&gt;
&lt;li&gt;Registro histórico de las acciones realizadas con cada elemento o conjunto de elementos (normalmente pudiendo volver o extraer un estado anterior del producto).&lt;/li&gt;
&lt;/ul&gt;
&lt;p&gt;Aunque no es estrictamente necesario, suele ser muy útil la generación de informes con los cambios introducidos entre dos versiones, informes de estado, marcado con nombre identificativo de la versión de un conjunto de ficheros, etc.&lt;/p&gt;
&lt;h2&gt;&lt;span class=&quot;mw-headline&quot; id=&quot;Terminología&quot;&gt;Terminología&lt;/span&gt;&lt;/h2&gt;
&lt;p&gt;La terminología empleada puede variar de sistema a sistema, pero a continuación se describen algunos términos de uso común.&lt;sup id=&quot;cite_ref-1&quot; class=&quot;reference separada&quot;&gt;&lt;a href=&quot;https://es.wikipedia.org/wiki/Control_de_versiones#cite_note-1&quot;&gt;1&lt;/a&gt;&lt;/sup&gt;​&lt;sup id=&quot;cite_ref-2&quot; class=&quot;reference separada&quot;&gt;&lt;a href=&quot;https://es.wikipedia.org/wiki/Control_de_versiones#cite_note-2&quot;&gt;2&lt;/a&gt;&lt;/sup&gt;​&lt;/p&gt;
&lt;dl&gt;
&lt;dt&gt;Repositorio&lt;/dt&gt;
&lt;dd&gt;El &lt;b&gt;repositorio&lt;/b&gt; es el lugar en el que se almacenan los datos actualizados e históricos de cambios, a menudo en un servidor. A veces se le denomina depósito o depot. Puede ser un sistema de archivos en un disco duro, un banco de datos, etc..&lt;/dd&gt;
&lt;dt&gt;Módulo&lt;/dt&gt;
&lt;dd&gt;Conjunto de directorios y/o archivos dentro del repositorio que pertenecen a un proyecto común.&lt;/dd&gt;
&lt;dt&gt;Revisión (&lt;i&gt;&quot;version&quot;&lt;/i&gt;)&lt;/dt&gt;
&lt;dd&gt;Una &lt;b&gt;revisión&lt;/b&gt; es una versión determinada de la información que se gestiona. Hay sistemas que identifican las revisiones con un contador (Ej. subversion). Hay otros sistemas que identifican las revisiones mediante un &lt;a href=&quot;https://es.wikipedia.org/wiki/C%C3%B3digo_de_detecci%C3%B3n_de_modificaciones&quot; class=&quot;mw-redirect&quot; title=&quot;Código de detección de modificaciones&quot;&gt;código de detección de modificaciones&lt;/a&gt; (Ej. Git usa &lt;a href=&quot;https://es.wikipedia.org/wiki/SHA1&quot; class=&quot;mw-redirect&quot; title=&quot;SHA1&quot;&gt;SHA1&lt;/a&gt;). A la última versión se le suele identificar de forma especial con el nombre de &lt;b&gt;HEAD&lt;/b&gt;. Para marcar una revisión concreta se usan los &lt;b&gt;rótulos&lt;/b&gt; o &lt;i&gt;tags&lt;/i&gt;.&lt;/dd&gt;
&lt;dt&gt;Rotular (&lt;i&gt;&quot;tag&quot;&lt;/i&gt;)&lt;/dt&gt;
&lt;dd&gt;Darle a alguna versión de cada uno de los ficheros del módulo en desarrollo en un momento preciso un nombre común (&quot;etiqueta&quot; o &quot;rótulo&quot;) para asegurarse de reencontrar ese estado de desarrollo posteriormente bajo ese nombre. En la práctica se rotula a todos los archivos en un momento determinado. Para eso el módulo se &quot;congela&quot; durante el rotulado para imponer una versión coherente. Pero bajo ciertas circunstancias puede ser necesario utilizar versiones de algunos ficheros que no coinciden temporalmente con las de los otros ficheros del módulo.&lt;/dd&gt;
&lt;dd&gt;Los tags permiten identificar de forma fácil revisiones importantes en el proyecto. Por ejemplo se suelen usar tags para identificar el contenido de las versiones publicadas del proyecto.&lt;/dd&gt;
&lt;dd&gt;En algunos sistemas se considera un tag como una rama en la que los ficheros no evolucionan, están congelados.&lt;/dd&gt;
&lt;dt&gt;&lt;a href=&quot;https://es.wikipedia.org/wiki/L%C3%ADnea_base&quot; title=&quot;Línea base&quot;&gt;Línea base&lt;/a&gt; (&lt;i&gt;&quot;baseline&quot;&lt;/i&gt;)&lt;/dt&gt;
&lt;dd&gt;Una revisión aprobada de un documento o fichero fuente, a partir del cual se pueden realizar cambios subsiguientes.&lt;/dd&gt;
&lt;dt&gt;Abrir rama (&lt;i&gt;&quot;branch&quot;&lt;/i&gt;) o ramificar&lt;/dt&gt;
&lt;dd&gt;Un módulo puede ser &lt;i&gt;&lt;b&gt;branched&lt;/b&gt;&lt;/i&gt; o &lt;b&gt;bifurcado&lt;/b&gt; en un instante de tiempo de forma que, desde ese momento en adelante se tienen dos copias (ramas) que evolucionan de forma independiente siguiendo su propia línea de desarrollo. El módulo tiene entonces 2 (o más) &quot;ramas&quot;. La ventaja es que se puede hacer un &quot;merge&quot; de las modificaciones de ambas ramas, posibilitando la creación de &quot;ramas de prueba&quot; que contengan código para evaluación, si se decide que las modificaciones realizadas en la &quot;rama de prueba&quot; sean preservadas, se hace un &quot;merge&quot; con la rama principal. Son motivos habituales para la creación de ramas la creación de nuevas funcionalidades o la corrección de errores.&lt;/dd&gt;
&lt;dt&gt;Desplegar (&lt;i&gt;&quot;Check-out&quot;&lt;/i&gt;, &lt;i&gt;&quot;checkout&quot;&lt;/i&gt;, &quot;co&quot;)&lt;/dt&gt;
&lt;dd&gt;Un despliegue crea una copia de trabajo local desde el repositorio. Se puede especificar una revisión concreta, y predeterminadamente se suele obtener la última.&lt;/dd&gt;
&lt;dt&gt;&quot;Publicar&quot; o &quot;Enviar&quot; (&lt;i&gt;&quot;commit&quot;&lt;/i&gt;, &lt;i&gt;&quot;check-in&quot;&lt;/i&gt;, &quot;ci&quot;, &lt;i&gt;&quot;install&quot;&lt;/i&gt;, &lt;i&gt;&quot;submit&quot;&lt;/i&gt;)&lt;/dt&gt;
&lt;dd&gt;Un &lt;i&gt;&lt;b&gt;commit&lt;/b&gt;&lt;/i&gt; sucede cuando una copia de los cambios hechos a una copia local es escrita o integrada sobre el repositorio.&lt;/dd&gt;
&lt;dt&gt;Conflicto&lt;/dt&gt;
&lt;dd&gt;Un conflicto ocurre cuando el sistema no puede manejar adecuadamente cambios realizados por dos o más usuarios en un mismo archivo. Por ejemplo, si se da esta secuencia de circunstancias:&lt;/dd&gt;
&lt;/dl&gt;
&lt;ol&gt;
&lt;li&gt;Los usuarios &lt;i&gt;X&lt;/i&gt; e &lt;i&gt;Y&lt;/i&gt; despliegan versiones del &lt;i&gt;archivo A&lt;/i&gt; en que las líneas &lt;i&gt;n1&lt;/i&gt; hasta &lt;i&gt;n2&lt;/i&gt; son comunes.&lt;/li&gt;
&lt;li&gt;El usuario &lt;i&gt;X&lt;/i&gt; envía cambios entre las líneas &lt;i&gt;n1&lt;/i&gt; y &lt;i&gt;n2&lt;/i&gt; al &lt;i&gt;archivo A&lt;/i&gt;.&lt;/li&gt;
&lt;li&gt;El usuario &lt;i&gt;Y&lt;/i&gt; no actualiza el &lt;i&gt;archivo A&lt;/i&gt; tras el envío del usuario &lt;i&gt;X&lt;/i&gt;.&lt;/li&gt;
&lt;li&gt;El usuario &lt;i&gt;Y&lt;/i&gt; realiza cambios entre las líneas &lt;i&gt;n1&lt;/i&gt; y &lt;i&gt;n2&lt;/i&gt;.&lt;/li&gt;
&lt;li&gt;El usuario &lt;i&gt;Y&lt;/i&gt; intenta posteriormente enviar esos cambios al &lt;i&gt;archivo A&lt;/i&gt;.&lt;/li&gt;
&lt;/ol&gt;
&lt;p&gt;El sistema es incapaz de fusionar los cambios. El usuario &lt;i&gt;Y&lt;/i&gt; debe &lt;i&gt;resolver&lt;/i&gt; el conflicto combinando los cambios, o eligiendo uno de ellos para descartar el otro.&lt;/p&gt;
&lt;dl&gt;
&lt;dt&gt;Resolver&lt;/dt&gt;
&lt;dd&gt;El acto de la intervención del usuario para atender un conflicto entre diferentes cambios al mismo archivo.&lt;/dd&gt;
&lt;dt&gt;Cambio (&lt;i&gt;&quot;change&quot;&lt;/i&gt;, &lt;i&gt;&quot;diff&quot;&lt;/i&gt;, &lt;i&gt;&quot;delta&quot;&lt;/i&gt;)&lt;/dt&gt;
&lt;dd&gt;Un &lt;b&gt;cambio&lt;/b&gt; representa una modificación específica a un archivo bajo control de versiones. La granularidad de la modificación considerada un cambio varía entre diferentes sistemas de control de versiones.&lt;/dd&gt;
&lt;dt&gt;Lista de cambios (&lt;i&gt;&quot;changelist&quot;&lt;/i&gt;, &lt;i&gt;&quot;change set&quot;&lt;/i&gt;, &lt;i&gt;&quot;patch&quot;&lt;/i&gt;)&lt;/dt&gt;
&lt;dd&gt;En muchos sistemas de control de versiones con &lt;i&gt;commits&lt;/i&gt; multi-cambio atómicos, una lista de cambios identifica el conjunto de cambios hechos en un único &lt;i&gt;commit&lt;/i&gt;. Esto también puede representar una vista secuencial del código fuente, permitiendo que el fuente sea examinado a partir de cualquier identificador de lista de cambios particular.&lt;/dd&gt;
&lt;dt&gt;Exportación (&lt;i&gt;&quot;export&quot;&lt;/i&gt;)&lt;/dt&gt;
&lt;dd&gt;Una exportación es similar a un &lt;i&gt;&lt;b&gt;check-out&lt;/b&gt;&lt;/i&gt;, salvo porque crea un árbol de directorios limpio sin los metadatos de control de versiones presentes en la copia de trabajo. Se utiliza a menudo de forma previa a la publicación de los contenidos.&lt;/dd&gt;
&lt;dt&gt;Importación (&lt;i&gt;&quot;import&quot;&lt;/i&gt;)&lt;/dt&gt;
&lt;dd&gt;Una importación es la acción de copia un árbol de directorios local (que no es en ese momento una copia de trabajo) en el repositorio por primera vez.&lt;/dd&gt;
&lt;dt&gt;Integración o fusión (&lt;i&gt;&quot;merge&quot;&lt;/i&gt;)&lt;/dt&gt;
&lt;dd&gt;Una &lt;b&gt;integración&lt;/b&gt; o &lt;b&gt;fusión&lt;/b&gt; une dos conjuntos de cambios sobre un fichero o un conjunto de ficheros en una revisión unificada de dicho fichero o ficheros.
&lt;ul&gt;
&lt;li&gt;Esto puede suceder cuando un usuario, trabajando en esos ficheros, &lt;b&gt;actualiza&lt;/b&gt; su copia local con los cambios realizados, y añadidos al repositorio, por otros usuarios. Análogamente, este mismo proceso puede ocurrir en el repositorio cuando un usuario intenta &lt;i&gt;&lt;b&gt;check-in&lt;/b&gt;&lt;/i&gt; sus cambios.&lt;/li&gt;
&lt;li&gt;Puede suceder después de que el código haya sido &lt;i&gt;&lt;b&gt;branched&lt;/b&gt;&lt;/i&gt;, y un problema anterior al &lt;i&gt;branching&lt;/i&gt; sea arreglado en una rama, y se necesite incorporar dicho arreglo en la otra.&lt;/li&gt;
&lt;li&gt;Puede suceder después de que los ficheros hayan sido &lt;i&gt;&lt;b&gt;branched&lt;/b&gt;&lt;/i&gt;, desarrollados de forma independiente por un tiempo, y que entonces se haya requerido que fueran fundidos de nuevo en un único &lt;i&gt;trunk&lt;/i&gt; unificado.&lt;/li&gt;
&lt;/ul&gt;
&lt;/dd&gt;
&lt;/dl&gt;
&lt;dl&gt;
&lt;dt&gt;Integración inversa&lt;/dt&gt;
&lt;dd&gt;El proceso de fundir ramas de diferentes equipos en el &lt;i&gt;trunk&lt;/i&gt; principal del sistema de versiones.&lt;/dd&gt;
&lt;dt&gt;Actualización (&lt;i&gt;&quot;sync&quot;&lt;/i&gt; o &lt;i&gt;&quot;update&quot;&lt;/i&gt;)&lt;/dt&gt;
&lt;dd&gt;Una &lt;b&gt;actualización&lt;/b&gt; integra los cambios que han sido hechos en el repositorio (por ejemplo por otras personas) en la &lt;b&gt;copia de trabajo&lt;/b&gt; local.&lt;/dd&gt;
&lt;dt&gt;Copia de trabajo (&lt;i&gt;&quot;workspace&quot;&lt;/i&gt;)&lt;/dt&gt;
&lt;dd&gt;La &lt;b&gt;copia de trabajo&lt;/b&gt; es la copia local de los ficheros de un repositorio, en un momento del tiempo o revisión específicos. Todo el trabajo realizado sobre los ficheros en un repositorio se realiza inicialmente sobre una copia de trabajo, de ahí su nombre. Conceptualmente, es un &lt;b&gt;cajón de arena&lt;/b&gt; o &lt;i&gt;&lt;b&gt;sandbox&lt;/b&gt;&lt;/i&gt;.&lt;/dd&gt;
&lt;dt&gt;Congelar&lt;/dt&gt;
&lt;dd&gt;Significa permitir los últimos cambios (&lt;i&gt;commits&lt;/i&gt;) para solucionar las fallas a resolver en una entrega (&lt;i&gt;release&lt;/i&gt;) y suspender cualquier otro cambio antes de una entrega, con el fin de obtener una versión consistente. Si no se congela el repositorio, un desarrollador podría comenzar a resolver una falla cuya resolución no está prevista y cuya solución dé lugar a efectos colaterales imprevistos.&lt;/dd&gt;
&lt;/dl&gt;
&lt;p&gt;&lt;/p&gt;"></unicode>
          <string role="key" value="exe.engine.field.Field.persistenceVersion"></string>
          <int value="4"></int>
          <string role="key" value="exe.engine.field.FieldWithResources.persistenceVersion"></string>
          <int value="2"></int>
          <string role="key" value="exe.engine.field.TextAreaField.persistenceVersion"></string>
          <int value="3"></int>
          <string role="key" value="htmlTag"></string>
          <string value="div"></string>
          <string role="key" value="images"></string>
          <instance class="exe.engine.galleryidevice.GalleryImages">
           <dictionary>
            <string role="key" value=".listitems"></string>
            <list></list>
            <string role="key" value="idevice"></string>
            <reference key="5"></reference>
           </dictionary>
          </instance>
          <string role="key" value="intlinks_to_anchors"></string>
          <dictionary></dictionary>
          <string role="key" value="nextImageId"></string>
          <int value="0"></int>
          <string role="key" value="parentNode"></string>
          <reference key="3"></reference>
         </dictionary>
        </instance>
        <string role="key" value="edit"></string>
        <bool value="0"></bool>
        <string role="key" value="emphasis"></string>
        <int value="0"></int>
        <string role="key" value="exe.engine.freetextidevice.FreeTextIdevice.persistenceVersion"></string>
        <int value="7"></int>
        <string role="key" value="icon"></string>
        <string value=""></string>
        <string role="key" value="id"></string>
        <unicode value="1"></unicode>
        <string role="key" value="lastIdevice"></string>
        <bool value="0"></bool>
        <string role="key" value="originalicon"></string>
        <string value=""></string>
        <string role="key" value="parent"></string>
        <none></none>
        <string role="key" value="parentNode"></string>
        <reference key="3"></reference>
        <string role="key" value="systemResources"></string>
        <list></list>
        <string role="key" value="type"></string>
        <none></none>
        <string role="key" value="undo"></string>
        <bool value="1"></bool>
        <string role="key" value="userResources"></string>
        <list></list>
        <string role="key" value="version"></string>
        <int value="0"></int>
       </dictionary>
      </instance>
      <instance class="exe.engine.freetextidevice.FreeTextIdevice" reference="6">
       <dictionary>
        <string role="key" value="_title"></string>
        <unicode value="Free Text"></unicode>
        <string role="key" value="_author"></string>
        <unicode value="University of Auckland"></unicode>
        <string role="key" value="_purpose"></string>
        <unicode value="The majority of a learning resource will be 
establishing context, delivering instructions and providing general information.
This provides the framework within which the learning activities are built and 
delivered."></unicode>
        <string role="key" value="_tip"></string>
        <string value=""></string>
        <string role="key" value="childs"></string>
        <list></list>
        <string role="key" value="content"></string>
        <instance class="exe.engine.field.TextAreaField" reference="7">
         <dictionary>
          <string role="key" value="_id"></string>
          <int value="86"></int>
          <string role="key" value="_idevice"></string>
          <reference key="6"></reference>
          <string role="key" value="_instruc"></string>
          <unicode value="Use this field to enter text. This 
iDevice has no emphasis applied although limited formatting can be applied to 
text through the text editing buttons associated with the field."></unicode>
          <string role="key" value="_name"></string>
          <unicode value="Free Text"></unicode>
          <string role="key" value="anchor_names"></string>
          <list></list>
          <string role="key" value="anchors_linked_from_fields"></string>
          <dictionary></dictionary>
          <string role="key" value="content_w_resourcePaths"></string>
          <unicode content="true" value="&lt;h1 id=&quot;firstHeading&quot; class=&quot;firstHeading&quot; lang=&quot;es&quot;&gt;Programas para control de versiones&lt;/h1&gt;
&lt;p&gt;Cliente-Servidor&lt;/p&gt;
&lt;p&gt;Con el advenimiento de las redes, los desarrolladores usan un repositorio central al que acceden mediante un cliente en su máquina. Con el vuelco causado por las redes públicas (&lt;a href=&quot;https://es.wikipedia.org/wiki/Usenet&quot; title=&quot;Usenet&quot;&gt;Usenet&lt;/a&gt;, &lt;a href=&quot;https://es.wikipedia.org/wiki/UUCP&quot; class=&quot;mw-redirect&quot; title=&quot;UUCP&quot;&gt;UUCP&lt;/a&gt;, &lt;a href=&quot;https://es.wikipedia.org/wiki/Internet&quot; title=&quot;Internet&quot;&gt;Internet&lt;/a&gt;, etcétera) distinguimos entre programas abiertos (código fuente disponible) y propietarios (comerciales).&lt;/p&gt;
&lt;h3&gt;&lt;span id=&quot;C.C3.B3digo_abierto&quot;&gt;&lt;/span&gt;&lt;span class=&quot;mw-headline&quot; id=&quot;Código_abierto&quot;&gt;Código abierto&lt;/span&gt;&lt;/h3&gt;
&lt;ul&gt;
&lt;li&gt;&lt;i&gt;Concurrent Versions System&lt;/i&gt; (&lt;a href=&quot;https://es.wikipedia.org/wiki/CVS&quot; title=&quot;CVS&quot;&gt;CVS&lt;/a&gt;): basado originalmente en RCS, licenciado mediante &lt;a href=&quot;https://es.wikipedia.org/wiki/GPL&quot; class=&quot;mw-redirect&quot; title=&quot;GPL&quot;&gt;GPL&lt;/a&gt;.
&lt;ul&gt;
&lt;li&gt;CVSNT: basado en CVS.&lt;/li&gt;
&lt;li&gt;OpenCVS: clon CVS bajo licencia BSD, con énfasis en seguridad y correcto uso del código fuente.&lt;/li&gt;
&lt;/ul&gt;
&lt;/li&gt;
&lt;li&gt;&lt;a href=&quot;https://es.wikipedia.org/wiki/Subversion&quot; class=&quot;mw-redirect&quot; title=&quot;Subversion&quot;&gt;Subversion&lt;/a&gt; (svn): inspirado en CVS.&lt;/li&gt;
&lt;li&gt;Vesta: sistema de construcción con soporte para versionado de ficheros en repositorios distribuidos.&lt;/li&gt;
&lt;/ul&gt;
&lt;h3&gt;&lt;span class=&quot;mw-headline&quot; id=&quot;Propietario&quot;&gt;Propietario&lt;/span&gt;&lt;/h3&gt;
&lt;ul&gt;
&lt;li&gt;&lt;a href=&quot;https://es.wikipedia.org/wiki/AccuRev&quot; title=&quot;AccuRev&quot;&gt;AccuRev&lt;/a&gt;: herramienta para gestión de la configuración de código fuente que integra un gestor de incidencias basado en flujos que maneja de forma eficiente desarrollo paralelo a escala global; también contempla un servidor para replicación.&lt;/li&gt;
&lt;li&gt;&lt;a href=&quot;https://en.wikipedia.org/wiki/CA_Software_Change_Manager&quot; class=&quot;extiw&quot; title=&quot;en:CA Software Change Manager&quot;&gt;CA SCM&lt;/a&gt;: herramienta para gestión de cambios y configuración de &lt;i&gt;&lt;a href=&quot;https://es.wikipedia.org/wiki/Computer_Associates&quot; class=&quot;mw-redirect&quot; title=&quot;Computer Associates&quot;&gt;Computer Associates&lt;/a&gt;&lt;/i&gt;.&lt;/li&gt;
&lt;li&gt;&lt;a href=&quot;https://en.wikipedia.org/wiki/Autodesk_Vault&quot; class=&quot;extiw&quot; title=&quot;en:Autodesk Vault&quot;&gt;Autodesk Vault&lt;/a&gt;: herramienta de control de versiones diseñada específicamente para aplicaciones &lt;i&gt;&lt;a href=&quot;https://es.wikipedia.org/wiki/Autodesk&quot; title=&quot;Autodesk&quot;&gt;Autodesk&lt;/a&gt;&lt;/i&gt; que gestionan las relaciones complejas entre ficheros de diseño elaborados por &lt;a href=&quot;https://es.wikipedia.org/wiki/AutoCAD&quot; title=&quot;AutoCAD&quot;&gt;AutoCAD&lt;/a&gt; y &lt;a href=&quot;https://es.wikipedia.org/wiki/Autodesk_Inventor&quot; title=&quot;Autodesk Inventor&quot;&gt;Autodesk Inventor&lt;/a&gt;.&lt;/li&gt;
&lt;li&gt;&lt;a href=&quot;https://en.wikipedia.org/wiki/IBM_Rational_ClearCase&quot; class=&quot;extiw&quot; title=&quot;en:IBM Rational ClearCase&quot;&gt;ClearCase&lt;/a&gt;: sistema de gestión de configuración -compaltible con &lt;a href=&quot;https://es.wikipedia.org/wiki/Visual_SourceSafe&quot; class=&quot;mw-redirect&quot; title=&quot;Visual SourceSafe&quot;&gt;VSS&lt;/a&gt;- fabricado por &lt;a href=&quot;https://es.wikipedia.org/wiki/Rational_Software&quot; title=&quot;Rational Software&quot;&gt;Rational Software&lt;/a&gt; (&lt;a href=&quot;https://es.wikipedia.org/wiki/IBM&quot; title=&quot;IBM&quot;&gt;IBM&lt;/a&gt;).&lt;/li&gt;
&lt;li&gt;&lt;a href=&quot;https://en.wikipedia.org/wiki/CodeBeamer_(software)&quot; class=&quot;extiw&quot; title=&quot;en:CodeBeamer (software)&quot;&gt;codeBeamer&lt;/a&gt;: plataforma colaborativa para la gestión del ciclo de vida de aplicaciones.&lt;/li&gt;
&lt;li&gt;&lt;i&gt;Configuration Management Version Control&lt;/i&gt; (CMVC): sistema de control de versiones de IBM, retirado.&lt;/li&gt;
&lt;li&gt;&lt;i&gt;Global Design Platform&lt;/i&gt; (GDP): gestión de diseño de circuitos integrados.&lt;/li&gt;
&lt;li&gt;&lt;a href=&quot;https://en.wikipedia.org/wiki/MKS_Integrity&quot; class=&quot;extiw&quot; title=&quot;en:MKS Integrity&quot;&gt;MKS Integrity&lt;/a&gt;: sistema para gestión del ciclo de vida de aplicaciones software.&lt;/li&gt;
&lt;li&gt;&lt;a href=&quot;https://es.wikipedia.org/wiki/Perforce&quot; title=&quot;Perforce&quot;&gt;Perforce&lt;/a&gt;: herramienta con intuitivo interfaz gráfico, configuración avanzada para funcionamiento en arquitecturas de red complejas -&lt;i&gt;proxy&lt;/i&gt;, máster-réplica, &lt;i&gt;broker&lt;/i&gt;- y &quot;funcionamiento &lt;i&gt;off-line&lt;/i&gt;&quot;, así como interfaz con los &lt;a href=&quot;https://es.wikipedia.org/w/index.php?title=Ambiente_de_dasarrollo_integrado&amp;amp;action=edit&amp;amp;redlink=1&quot; class=&quot;new&quot; title=&quot;Ambiente de dasarrollo integrado (aún no redactado)&quot;&gt;IDE&lt;/a&gt; más extendidos y aplicable a documentos no ASCII.&lt;/li&gt;
&lt;li&gt;&lt;a href=&quot;https://en.wikipedia.org/wiki/PVCS&quot; class=&quot;extiw&quot; title=&quot;en:PVCS&quot;&gt;PVCS&lt;/a&gt;: originalmente llamado &lt;i&gt;Polytron Version Control System&lt;/i&gt;, fue desarrollado por Don Kinzer para &lt;a href=&quot;https://en.wikipedia.org/wiki/Polytron_(software)&quot; class=&quot;extiw&quot; title=&quot;en:Polytron (software)&quot;&gt;Polytron&lt;/a&gt; y lanzado en &lt;a href=&quot;https://es.wikipedia.org/wiki/1985&quot; title=&quot;1985&quot;&gt;1985&lt;/a&gt;, ahora pertenece a Serena.&lt;/li&gt;
&lt;li&gt;&lt;a href=&quot;https://en.wikipedia.org/wiki/QVCS&quot; class=&quot;extiw&quot; title=&quot;en:QVCS&quot;&gt;&lt;i&gt;Quma Version Control System&lt;/i&gt;&lt;/a&gt; (QVCS): solución para Windows de muy bajo coste.&lt;/li&gt;
&lt;li&gt;&lt;a href=&quot;https://en.wikipedia.org/wiki/SourceAnywhere&quot; class=&quot;extiw&quot; title=&quot;en:SourceAnywhere&quot;&gt;SourceAnywhere&lt;/a&gt;: herramienta de control de versiones por Dynamsoft.&lt;/li&gt;
&lt;li&gt;&lt;a href=&quot;https://es.wikipedia.org/wiki/Borland_StarTeam&quot; class=&quot;mw-redirect&quot; title=&quot;Borland StarTeam&quot;&gt;StarTeam&lt;/a&gt;: coordina y gestiona los procesos de distribución de software de &lt;a href=&quot;https://en.wikipedia.org/wiki/Microfocus&quot; class=&quot;extiw&quot; title=&quot;en:Microfocus&quot;&gt;Microfocus&lt;/a&gt; -anteriormente &lt;a href=&quot;https://es.wikipedia.org/wiki/Borland&quot; title=&quot;Borland&quot;&gt;Borland&lt;/a&gt;- un control centralizado de activos digitales.&lt;/li&gt;
&lt;li&gt;Telelogic Synergy: gestor de cambios integrado compatible con SCC y gestor de configuración basado en tareas, de IBM.&lt;/li&gt;
&lt;li&gt;&lt;a href=&quot;https://en.wikipedia.org/wiki/Vault_(revision_control_system)&quot; class=&quot;extiw&quot; title=&quot;en:Vault (revision control system)&quot;&gt;Vault&lt;/a&gt;: herramienta de control de versiones de SourceGear (primer uso gratis).&lt;/li&gt;
&lt;li&gt;&lt;a href=&quot;https://es.wikipedia.org/wiki/Visual_SourceSafe&quot; class=&quot;mw-redirect&quot; title=&quot;Visual SourceSafe&quot;&gt;Visual SourceSafe&lt;/a&gt;: herramienta de control de versiones de &lt;a href=&quot;https://es.wikipedia.org/wiki/Microsoft&quot; title=&quot;Microsoft&quot;&gt;Microsoft&lt;/a&gt;; orientada a equipos pequeños. Este control de código está caducado y no se recomienda su uso.&lt;/li&gt;
&lt;li&gt;&lt;a rel=&quot;nofollow&quot; class=&quot;external text&quot; href=&quot;https://www.visualstudio.com/es/tfs/&quot;&gt;Visual Studio Team Foundation Server&lt;/a&gt; (anteriormente &lt;i&gt;Team System&lt;/i&gt;)&lt;/li&gt;
&lt;/ul&gt;
&lt;p&gt;Distribuidos&lt;/p&gt;
&lt;h3&gt;&lt;span class=&quot;mw-headline&quot; id=&quot;Código_abierto_2&quot;&gt;Código abierto&lt;/span&gt;&lt;/h3&gt;
&lt;ul&gt;
&lt;li&gt;&lt;a href=&quot;https://en.wikipedia.org/wiki/Aegis_(management_software)&quot; class=&quot;extiw&quot; title=&quot;en:Aegis (management software)&quot;&gt;Aegis&lt;/a&gt;: escrito por Peter Miller, es un programa maduro, orientado a sistemas de ficheros, con soporte de red limitado.&lt;/li&gt;
&lt;li&gt;&lt;a href=&quot;https://en.wikipedia.org/wiki/ArX_(revision_control)&quot; class=&quot;extiw&quot; title=&quot;en:ArX (revision control)&quot;&gt;ArX&lt;/a&gt;: escrito por Walter Landry, empezó como una rama de GNU arch, pero ha sido totalmente reescrito.&lt;/li&gt;
&lt;li&gt;&lt;a href=&quot;https://es.wikipedia.org/wiki/Bazaar_(software)&quot; title=&quot;Bazaar (software)&quot;&gt;Bazaar&lt;/a&gt;: escrito en &lt;a href=&quot;https://es.wikipedia.org/wiki/Python&quot; title=&quot;Python&quot;&gt;Python&lt;/a&gt; por Martin Pool y patrocinado por &lt;a href=&quot;https://en.wikipedia.org/wiki/Canonical_Ltd.&quot; class=&quot;extiw&quot; title=&quot;en:Canonical Ltd.&quot;&gt;Canonical&lt;/a&gt; es un sistema descentralizado, que intenta ser rápido y fácil de usar.&lt;/li&gt;
&lt;li&gt;&lt;a href=&quot;https://en.wikipedia.org/wiki/Codeville&quot; class=&quot;extiw&quot; title=&quot;en:Codeville&quot;&gt;Codeville&lt;/a&gt;: escrito en &lt;a href=&quot;https://es.wikipedia.org/wiki/Python&quot; title=&quot;Python&quot;&gt;Python&lt;/a&gt; por Ross Cohen; usa un algoritmo de injerto innovador.&lt;/li&gt;
&lt;li&gt;&lt;a href=&quot;https://en.wikipedia.org/wiki/Darcs&quot; class=&quot;extiw&quot; title=&quot;en:Darcs&quot;&gt;Darcs&lt;/a&gt;: escrito en &lt;a href=&quot;https://en.wikipedia.org/wiki/Haskell_(programming_language)&quot; class=&quot;extiw&quot; title=&quot;en:Haskell (programming language)&quot;&gt;Haskell&lt;/a&gt; y desarrollado originalmente por David Roundy, puede llevar el seguimiento de dependencias inter-parche y reagruparlas automáticamente y escogerlas usando &quot;teoría de parches&quot;.&lt;/li&gt;
&lt;li&gt;&lt;a href=&quot;https://en.wikipedia.org/wiki/Distributed_Concurrent_Versions_System&quot; class=&quot;extiw&quot; title=&quot;en:Distributed Concurrent Versions System&quot;&gt;DCVS&lt;/a&gt;: CVS descentralizado.&lt;/li&gt;
&lt;li&gt;&lt;a href=&quot;https://es.wikipedia.org/wiki/Fossil_(gesti%C3%B3n_de_configuraci%C3%B3n_de_software)&quot; title=&quot;Fossil (gestión de configuración de software)&quot;&gt;Fossil&lt;/a&gt;: escrito por Richard Hipp para &lt;a href=&quot;https://en.wikipedia.org/wiki/SQLite&quot; class=&quot;extiw&quot; title=&quot;en:SQLite&quot;&gt;SQLite&lt;/a&gt;, presenta un control de versiones distribuido, wiki y seguimiento de fallos.&lt;/li&gt;
&lt;li&gt;&lt;a href=&quot;https://es.wikipedia.org/wiki/Git&quot; title=&quot;Git&quot;&gt;Git&lt;/a&gt;: escrito en una combinación de Perl, C y varios &lt;i&gt;scripts&lt;/i&gt; de &lt;i&gt;shell&lt;/i&gt;, estuvo diseñado por &lt;a href=&quot;https://es.wikipedia.org/wiki/Linus_Torvalds&quot; title=&quot;Linus Torvalds&quot;&gt;Linus Torvalds&lt;/a&gt; según las necesidades del proyecto del &lt;a href=&quot;https://es.wikipedia.org/wiki/Linux_kernel&quot; class=&quot;mw-redirect&quot; title=&quot;Linux kernel&quot;&gt;kernel de Linux&lt;/a&gt;; con los requisitos de descentralización, rápido, flexible y robusto.&lt;/li&gt;
&lt;li&gt;GNU arch: descontinuado, sustituido por Bazaar.&lt;/li&gt;
&lt;li&gt;&lt;a href=&quot;https://en.wikipedia.org/wiki/LibreSource&quot; class=&quot;extiw&quot; title=&quot;en:LibreSource&quot;&gt;LibreSource&lt;/a&gt;: gestión de configuración.&lt;/li&gt;
&lt;li&gt;&lt;a href=&quot;https://es.wikipedia.org/wiki/Mercurial&quot; title=&quot;Mercurial&quot;&gt;Mercurial&lt;/a&gt;: escrito en &lt;a href=&quot;https://es.wikipedia.org/wiki/Python&quot; title=&quot;Python&quot;&gt;Python&lt;/a&gt; como un recambio en software libre de &lt;a href=&quot;https://en.wikipedia.org/wiki/BitKeeper&quot; class=&quot;extiw&quot; title=&quot;en:BitKeeper&quot;&gt;Bitkeeper&lt;/a&gt;; descentralizado, que pretende ser rápido, ligero, portable y fácil de usar.&lt;/li&gt;
&lt;li&gt;&lt;a href=&quot;https://es.wikipedia.org/wiki/Monotone&quot; title=&quot;Monotone&quot;&gt;Monotone&lt;/a&gt;: descentralizado y funcionando en modo &lt;i&gt;&lt;a href=&quot;https://es.wikipedia.org/wiki/Peer-to-peer&quot; title=&quot;Peer-to-peer&quot;&gt;peer-to-peer&lt;/a&gt;&lt;/i&gt; (P2P).&lt;/li&gt;
&lt;li&gt;&lt;a href=&quot;https://en.wikipedia.org/wiki/SVK&quot; class=&quot;extiw&quot; title=&quot;en:SVK&quot;&gt;SVK&lt;/a&gt;: escrito en &lt;a href=&quot;https://es.wikipedia.org/wiki/Perl&quot; title=&quot;Perl&quot;&gt;Perl&lt;/a&gt; por Kao Chia-liang sobre la base de subversión permitiendo hacer &lt;i&gt;commit&lt;/i&gt; distribuidos.&lt;/li&gt;
&lt;/ul&gt;
&lt;h3&gt;&lt;span class=&quot;mw-headline&quot; id=&quot;Propietario_2&quot;&gt;Propietario&lt;/span&gt;&lt;/h3&gt;
&lt;ul&gt;
&lt;li&gt;&lt;a href=&quot;https://es.wikipedia.org/wiki/BitKeeper&quot; title=&quot;BitKeeper&quot;&gt;BitKeeper&lt;/a&gt;: usado en el desarrollo del &lt;a href=&quot;https://es.wikipedia.org/wiki/N%C3%BAcleo_de_Linux&quot; class=&quot;mw-redirect&quot; title=&quot;Núcleo de Linux&quot;&gt;Núcleo de Linux&lt;/a&gt; (2002–abril 2005).&lt;/li&gt;
&lt;li&gt;Code Co-op: sistema de control de versiones P2P (puede sincronizar mediante &lt;i&gt;e-mail&lt;/i&gt;).&lt;/li&gt;
&lt;li&gt;Sun WorkShop TeamWare: retirado, reemplazado por BitKeeper.&lt;/li&gt;
&lt;li&gt;&lt;a href=&quot;https://es.wikipedia.org/wiki/Plastic_SCM&quot; title=&quot;Plastic SCM&quot;&gt;Plastic SCM&lt;/a&gt;: por Codice Software, Inc.&lt;/li&gt;
&lt;/ul&gt;"></unicode>
          <string role="key" value="exe.engine.field.Field.persistenceVersion"></string>
          <int value="4"></int>
          <string role="key" value="exe.engine.field.FieldWithResources.persistenceVersion"></string>
          <int value="2"></int>
          <string role="key" value="exe.engine.field.TextAreaField.persistenceVersion"></string>
          <int value="3"></int>
          <string role="key" value="htmlTag"></string>
          <string value="div"></string>
          <string role="key" value="images"></string>
          <instance class="exe.engine.galleryidevice.GalleryImages">
           <dictionary>
            <string role="key" value=".listitems"></string>
            <list></list>
            <string role="key" value="idevice"></string>
            <reference key="7"></reference>
           </dictionary>
          </instance>
          <string role="key" value="intlinks_to_anchors"></string>
          <dictionary></dictionary>
          <string role="key" value="nextImageId"></string>
          <int value="0"></int>
          <string role="key" value="parentNode"></string>
          <reference key="3"></reference>
         </dictionary>
        </instance>
        <string role="key" value="edit"></string>
        <bool value="0"></bool>
        <string role="key" value="emphasis"></string>
        <int value="0"></int>
        <string role="key" value="exe.engine.freetextidevice.FreeTextIdevice.persistenceVersion"></string>
        <int value="7"></int>
        <string role="key" value="icon"></string>
        <string value=""></string>
        <string role="key" value="id"></string>
        <unicode value="2"></unicode>
        <string role="key" value="lastIdevice"></string>
        <bool value="0"></bool>
        <string role="key" value="originalicon"></string>
        <string value=""></string>
        <string role="key" value="parent"></string>
        <none></none>
        <string role="key" value="parentNode"></string>
        <reference key="3"></reference>
        <string role="key" value="systemResources"></string>
        <list></list>
        <string role="key" value="type"></string>
        <none></none>
        <string role="key" value="undo"></string>
        <bool value="1"></bool>
        <string role="key" value="userResources"></string>
        <list></list>
        <string role="key" value="version"></string>
        <int value="0"></int>
       </dictionary>
      </instance>
     </list>
     <string role="key" value="_id"></string>
     <unicode value="0"></unicode>
     <string role="key" value="_package"></string>
     <reference key="8"></reference>
     <string role="key" value="exe.engine.node.Node.persistenceVersion"></string>
     <int value="2"></int>
     <string role="key" value="exportType"></string>
     <string value="website"></string>
     <string role="key" value="last_full_node_path"></string>
     <string value="exe-node:Inicio"></string>
     <string role="key" value="parent"></string>
     <none></none>
     <string role="key" value="children"></string>
     <list></list>
    </dictionary>
   </instance>
  </dictionary>
  <string role="key" value="_objectives"></string>
  <unicode value=""></unicode>
  <string role="key" value="_preknowledge"></string>
  <unicode value=""></unicode>
  <string role="key" value="backgroundImgTile"></string>
  <bool value="0"></bool>
  <string role="key" value="compatibleWithVersion9"></string>
  <bool value="0"></bool>
  <string role="key" value="currentNode"></string>
  <reference key="3"></reference>
  <string role="key" value="dublinCore"></string>
  <instance class="exe.engine.package.DublinCore">
   <dictionary>
    <string role="key" value="contributors"></string>
    <unicode value=""></unicode>
    <string role="key" value="coverage"></string>
    <unicode value=""></unicode>
    <string role="key" value="creator"></string>
    <unicode value=""></unicode>
    <string role="key" value="date"></string>
    <unicode value=""></unicode>
    <string role="key" value="description"></string>
    <unicode value=""></unicode>
    <string role="key" value="format"></string>
    <unicode value=""></unicode>
    <string role="key" value="identifier"></string>
    <unicode value="732bee4a-ad15-4da1-a5e0-a71ce90416ad"></unicode>
    <string role="key" value="language"></string>
    <unicode value="es"></unicode>
    <string role="key" value="publisher"></string>
    <unicode value=""></unicode>
    <string role="key" value="relation"></string>
    <unicode value=""></unicode>
    <string role="key" value="rights"></string>
    <unicode value=""></unicode>
    <string role="key" value="source"></string>
    <unicode value=""></unicode>
    <string role="key" value="subject"></string>
    <unicode value=""></unicode>
    <string role="key" value="title"></string>
    <unicode value=""></unicode>
    <string role="key" value="type"></string>
    <unicode value=""></unicode>
   </dictionary>
  </instance>
  <string role="key" value="exe.engine.package.Package.persistenceVersion"></string>
  <int value="13"></int>
  <string role="key" value="exportMetadataType"></string>
  <string value="LOMES"></string>
  <string role="key" value="exportSource"></string>
  <bool value="1"></bool>
  <string role="key" value="footer"></string>
  <string value=""></string>
  <string role="key" value="isLoading"></string>
  <bool value="0"></bool>
  <string role="key" value="license"></string>
  <string value="creative commons: attribution - share alike 4.0"></string>
  <string role="key" value="lom"></string>
  <instance class="exe.engine.lom.lomsubs.lomSub">
   <dictionary>
    <string role="key" value="__index__"></string>
    <dictionary></dictionary>
    <string role="key" value="__oldchild__"></string>
    <none></none>
    <string role="key" value="annotation"></string>
    <list></list>
    <string role="key" value="classification"></string>
    <list></list>
    <string role="key" value="educational"></string>
    <list>
     <instance class="exe.engine.lom.lomsubs.educationalSub">
      <dictionary>
       <string role="key" value="cognitiveProcess"></string>
       <list></list>
       <string role="key" value="context"></string>
       <list></list>
       <string role="key" value="description"></string>
       <list></list>
       <string role="key" value="difficulty"></string>
       <none></none>
       <string role="key" value="intendedEndUserRole"></string>
       <list></list>
       <string role="key" value="interactivityLevel"></string>
       <none></none>
       <string role="key" value="interactivityType"></string>
       <none></none>
       <string role="key" value="language"></string>
       <list>
        <instance class="exe.engine.lom.lomsubs.LanguageIdSub">
         <dictionary>
          <string role="key" value="extensiontype_"></string>
          <none></none>
          <string role="key" value="valueOf_"></string>
          <string value="es"></string>
         </dictionary>
        </instance>
       </list>
       <string role="key" value="learningResourceType"></string>
       <list></list>
       <string role="key" value="semanticDensity"></string>
       <none></none>
       <string role="key" value="typicalAgeRange"></string>
       <list></list>
       <string role="key" value="typicalLearningTime"></string>
       <none></none>
      </dictionary>
     </instance>
    </list>
    <string role="key" value="general"></string>
    <instance class="exe.engine.lom.lomsubs.generalSub">
     <dictionary>
      <string role="key" value="aggregationLevel"></string>
      <instance class="exe.engine.lom.lomsubs.aggregationLevelSub">
       <dictionary>
        <string role="key" value="extensiontype_"></string>
        <none></none>
        <string role="key" value="source"></string>
        <instance class="exe.engine.lom.lomsubs.sourceValueSub">
         <dictionary>
          <string role="key" value="extensiontype_"></string>
          <none></none>
          <string role="key" value="string"></string>
          <list></list>
          <string role="key" value="uniqueElementName"></string>
          <string value="source"></string>
          <string role="key" value="valueOf_"></string>
          <string value="LOMv1.0"></string>
         </dictionary>
        </instance>
        <string role="key" value="uniqueElementName"></string>
        <string value="aggregationLevel"></string>
        <string role="key" value="value"></string>
        <instance class="exe.engine.lom.lomsubs.aggregationLevelValueSub">
         <dictionary>
          <string role="key" value="extensiontype_"></string>
          <none></none>
          <string role="key" value="source"></string>
          <none></none>
          <string role="key" value="uniqueElementName"></string>
          <string value="value"></string>
          <string role="key" value="value"></string>
          <none></none>
          <string role="key" value="valueOf_"></string>
          <string value="2"></string>
         </dictionary>
        </instance>
       </dictionary>
      </instance>
      <string role="key" value="coverage"></string>
      <list></list>
      <string role="key" value="description"></string>
      <list></list>
      <string role="key" value="identifier"></string>
      <list>
       <instance class="exe.engine.lom.lomsubs.identifierSub">
        <dictionary>
         <string role="key" value="catalog"></string>
         <instance class="exe.engine.lom.lomsubs.catalogSub">
          <dictionary>
           <string role="key" value="uniqueElementName"></string>
           <string value="catalog"></string>
           <string role="key" value="valueOf_"></string>
           <unicode value="Mi catálogo"></unicode>
          </dictionary>
         </instance>
         <string role="key" value="entry"></string>
         <instance class="exe.engine.lom.lomsubs.entrySub">
          <dictionary>
           <string role="key" value="uniqueElementName"></string>
           <string value="entry"></string>
           <string role="key" value="valueOf_"></string>
           <unicode value="732bee4a-ad15-4da1-a5e0-a71ce90416ad"></unicode>
          </dictionary>
         </instance>
        </dictionary>
       </instance>
      </list>
      <string role="key" value="keyword"></string>
      <list></list>
      <string role="key" value="language"></string>
      <list>
       <instance class="exe.engine.lom.lomsubs.LanguageIdSub">
        <dictionary>
         <string role="key" value="extensiontype_"></string>
         <none></none>
         <string role="key" value="valueOf_"></string>
         <string value="es"></string>
        </dictionary>
       </instance>
      </list>
      <string role="key" value="structure"></string>
      <none></none>
      <string role="key" value="title"></string>
      <none></none>
      <string role="key" value="uniqueElementName"></string>
      <string value="general"></string>
     </dictionary>
    </instance>
    <string role="key" value="lifeCycle"></string>
    <none></none>
    <string role="key" value="metaMetadata"></string>
    <instance class="exe.engine.lom.lomsubs.metaMetadataSub">
     <dictionary>
      <string role="key" value="contribute"></string>
      <list></list>
      <string role="key" value="identifier"></string>
      <list></list>
      <string role="key" value="language"></string>
      <instance class="exe.engine.lom.lomsubs.LanguageIdSub">
       <dictionary>
        <string role="key" value="extensiontype_"></string>
        <none></none>
        <string role="key" value="valueOf_"></string>
        <string value="es"></string>
       </dictionary>
      </instance>
      <string role="key" value="metadataSchema"></string>
      <list>
       <instance class="exe.engine.lom.lomsubs.metadataSchemaSub">
        <dictionary>
         <string role="key" value="valueOf_"></string>
         <string value="LOMv1.0"></string>
        </dictionary>
       </instance>
      </list>
      <string role="key" value="uniqueElementName"></string>
      <string value="metaMetadata"></string>
     </dictionary>
    </instance>
    <string role="key" value="relation"></string>
    <list></list>
    <string role="key" value="rights"></string>
    <none></none>
    <string role="key" value="technical"></string>
    <none></none>
   </dictionary>
  </instance>
  <string role="key" value="lomEs"></string>
  <instance class="exe.engine.lom.lomsubs.lomSub">
   <dictionary>
    <string role="key" value="__index__"></string>
    <dictionary></dictionary>
    <string role="key" value="__oldchild__"></string>
    <none></none>
    <string role="key" value="annotation"></string>
    <list></list>
    <string role="key" value="classification"></string>
    <list></list>
    <string role="key" value="educational"></string>
    <list>
     <instance class="exe.engine.lom.lomsubs.educationalSub">
      <dictionary>
       <string role="key" value="cognitiveProcess"></string>
       <list></list>
       <string role="key" value="context"></string>
       <list></list>
       <string role="key" value="description"></string>
       <list></list>
       <string role="key" value="difficulty"></string>
       <none></none>
       <string role="key" value="intendedEndUserRole"></string>
       <list></list>
       <string role="key" value="interactivityLevel"></string>
       <none></none>
       <string role="key" value="interactivityType"></string>
       <none></none>
       <string role="key" value="language"></string>
       <list>
        <instance class="exe.engine.lom.lomsubs.LanguageIdSub">
         <dictionary>
          <string role="key" value="extensiontype_"></string>
          <none></none>
          <string role="key" value="valueOf_"></string>
          <string value="es"></string>
         </dictionary>
        </instance>
       </list>
       <string role="key" value="learningResourceType"></string>
       <list></list>
       <string role="key" value="semanticDensity"></string>
       <none></none>
       <string role="key" value="typicalAgeRange"></string>
       <list></list>
       <string role="key" value="typicalLearningTime"></string>
       <none></none>
      </dictionary>
     </instance>
    </list>
    <string role="key" value="general"></string>
    <instance class="exe.engine.lom.lomsubs.generalSub">
     <dictionary>
      <string role="key" value="aggregationLevel"></string>
      <instance class="exe.engine.lom.lomsubs.aggregationLevelSub">
       <dictionary>
        <string role="key" value="extensiontype_"></string>
        <none></none>
        <string role="key" value="source"></string>
        <instance class="exe.engine.lom.lomsubs.sourceValueSub">
         <dictionary>
          <string role="key" value="extensiontype_"></string>
          <none></none>
          <string role="key" value="string"></string>
          <list></list>
          <string role="key" value="uniqueElementName"></string>
          <string value="source"></string>
          <string role="key" value="valueOf_"></string>
          <string value="LOM-ESv1.0"></string>
         </dictionary>
        </instance>
        <string role="key" value="uniqueElementName"></string>
        <string value="aggregationLevel"></string>
        <string role="key" value="value"></string>
        <instance class="exe.engine.lom.lomsubs.aggregationLevelValueSub">
         <dictionary>
          <string role="key" value="extensiontype_"></string>
          <none></none>
          <string role="key" value="source"></string>
          <none></none>
          <string role="key" value="uniqueElementName"></string>
          <string value="value"></string>
          <string role="key" value="value"></string>
          <none></none>
          <string role="key" value="valueOf_"></string>
          <string value="2"></string>
         </dictionary>
        </instance>
       </dictionary>
      </instance>
      <string role="key" value="coverage"></string>
      <list></list>
      <string role="key" value="description"></string>
      <list></list>
      <string role="key" value="identifier"></string>
      <list>
       <instance class="exe.engine.lom.lomsubs.identifierSub">
        <dictionary>
         <string role="key" value="catalog"></string>
         <instance class="exe.engine.lom.lomsubs.catalogSub">
          <dictionary>
           <string role="key" value="uniqueElementName"></string>
           <string value="catalog"></string>
           <string role="key" value="valueOf_"></string>
           <unicode value="Mi catálogo"></unicode>
          </dictionary>
         </instance>
         <string role="key" value="entry"></string>
         <instance class="exe.engine.lom.lomsubs.entrySub">
          <dictionary>
           <string role="key" value="uniqueElementName"></string>
           <string value="entry"></string>
           <string role="key" value="valueOf_"></string>
           <unicode value="732bee4a-ad15-4da1-a5e0-a71ce90416ad"></unicode>
          </dictionary>
         </instance>
        </dictionary>
       </instance>
      </list>
      <string role="key" value="keyword"></string>
      <list></list>
      <string role="key" value="language"></string>
      <list>
       <instance class="exe.engine.lom.lomsubs.LanguageIdSub">
        <dictionary>
         <string role="key" value="extensiontype_"></string>
         <none></none>
         <string role="key" value="valueOf_"></string>
         <string value="es"></string>
        </dictionary>
       </instance>
      </list>
      <string role="key" value="structure"></string>
      <none></none>
      <string role="key" value="title"></string>
      <none></none>
      <string role="key" value="uniqueElementName"></string>
      <string value="general"></string>
     </dictionary>
    </instance>
    <string role="key" value="lifeCycle"></string>
    <none></none>
    <string role="key" value="metaMetadata"></string>
    <instance class="exe.engine.lom.lomsubs.metaMetadataSub">
     <dictionary>
      <string role="key" value="contribute"></string>
      <list></list>
      <string role="key" value="identifier"></string>
      <list></list>
      <string role="key" value="language"></string>
      <instance class="exe.engine.lom.lomsubs.LanguageIdSub">
       <dictionary>
        <string role="key" value="extensiontype_"></string>
        <none></none>
        <string role="key" value="valueOf_"></string>
        <string value="es"></string>
       </dictionary>
      </instance>
      <string role="key" value="metadataSchema"></string>
      <list>
       <instance class="exe.engine.lom.lomsubs.metadataSchemaSub">
        <dictionary>
         <string role="key" value="valueOf_"></string>
         <string value="LOM-ESv1.0"></string>
        </dictionary>
       </instance>
      </list>
      <string role="key" value="uniqueElementName"></string>
      <string value="metaMetadata"></string>
     </dictionary>
    </instance>
    <string role="key" value="relation"></string>
    <list></list>
    <string role="key" value="rights"></string>
    <instance class="exe.engine.lom.lomsubs.rightsSub">
     <dictionary>
      <string role="key" value="access"></string>
      <instance class="exe.engine.lom.lomsubs.accessSub">
       <dictionary>
        <string role="key" value="accessType"></string>
        <instance class="exe.engine.lom.lomsubs.accessTypeSub">
         <dictionary>
          <string role="key" value="extensiontype_"></string>
          <none></none>
          <string role="key" value="source"></string>
          <instance class="exe.engine.lom.lomsubs.sourceValueSub">
           <dictionary>
            <string role="key" value="extensiontype_"></string>
            <none></none>
            <string role="key" value="string"></string>
            <list></list>
            <string role="key" value="uniqueElementName"></string>
            <string value="source"></string>
            <string role="key" value="valueOf_"></string>
            <string value="LOM-ESv1.0"></string>
           </dictionary>
          </instance>
          <string role="key" value="uniqueElementName"></string>
          <string value="accessType"></string>
          <string role="key" value="value"></string>
          <instance class="exe.engine.lom.lomsubs.accessTypeValueSub">
           <dictionary>
            <string role="key" value="extensiontype_"></string>
            <none></none>
            <string role="key" value="source"></string>
            <none></none>
            <string role="key" value="uniqueElementName"></string>
            <string value="value"></string>
            <string role="key" value="value"></string>
            <none></none>
            <string role="key" value="valueOf_"></string>
            <string value="universal"></string>
           </dictionary>
          </instance>
         </dictionary>
        </instance>
        <string role="key" value="description"></string>
        <instance class="exe.engine.lom.lomsubs.LanguageStringSub">
         <dictionary>
          <string role="key" value="extensiontype_"></string>
          <none></none>
          <string role="key" value="string"></string>
          <list>
           <instance class="exe.engine.lom.lomsubs.LangStringSub">
            <dictionary>
             <string role="key" value="language"></string>
             <string value="es"></string>
             <string role="key" value="valueOf_"></string>
             <unicode value="Preestablecido"></unicode>
            </dictionary>
           </instance>
          </list>
         </dictionary>
        </instance>
        <string role="key" value="uniqueElementName"></string>
        <string value="access"></string>
       </dictionary>
      </instance>
      <string role="key" value="copyrightAndOtherRestrictions"></string>
      <none></none>
      <string role="key" value="cost"></string>
      <none></none>
      <string role="key" value="description"></string>
      <none></none>
      <string role="key" value="uniqueElementName"></string>
      <string value="rights"></string>
     </dictionary>
    </instance>
    <string role="key" value="technical"></string>
    <none></none>
   </dictionary>
  </instance>
  <string role="key" value="mxmlforcemediaonly"></string>
  <bool value="0"></bool>
  <string role="key" value="mxmlheight"></string>
  <string value=""></string>
  <string role="key" value="mxmlprofilelist"></string>
  <string value=""></string>
  <string role="key" value="mxmlwidth"></string>
  <string value=""></string>
  <string role="key" value="resources"></string>
  <dictionary></dictionary>
  <string role="key" value="root"></string>
  <reference key="3"></reference>
  <string role="key" value="scolinks"></string>
  <bool value="0"></bool>
  <string role="key" value="scowsinglepage"></string>
  <bool value="0"></bool>
  <string role="key" value="scowwebsite"></string>
  <bool value="0"></bool>
  <string role="key" value="style"></string>
  <unicode value="INTEF"></unicode>
  <string role="key" value="sugaractivityname"></string>
  <string value=""></string>
  <string role="key" value="sugarservicename"></string>
  <string value=""></string>
  <string role="key" value="tempFile"></string>
  <bool value="0"></bool>
 </dictionary>
</instance>