<?xml version="1.0" encoding="utf-8"?>

<instance xmlns="http://www.exelearning.org/content/v0.3" reference="5" version="0.3" xmlns:xsi="http://www.w3.org/2001/XMLSchema-instance" xsi:schemalocation="http://www.exelearning.org/content/v0.3 content.xsd" class="exe.engine.package.Package">
 <dictionary>
  <string role="key" value="_title"></string>
  <unicode value=""></unicode>
  <string role="key" value="idevices"></string>
  <list></list>
  <string role="key" value="_backgroundImg"></string>
  <unicode value=""></unicode>
  <string role="key" value="_contextMode"></string>
  <unicode value=""></unicode>
  <string role="key" value="_contextPlace"></string>
  <unicode value=""></unicode>
  <string role="key" value="_docType"></string>
  <string value="HTML5"></string>
  <string role="key" value="_intendedEndUserRoleGroup"></string>
  <bool value="0"></bool>
  <string role="key" value="_intendedEndUserRoleTutor"></string>
  <bool value="0"></bool>
  <string role="key" value="_intendedEndUserRoleType"></string>
  <unicode value=""></unicode>
  <string role="key" value="_isChanged"></string>
  <bool value="0"></bool>
  <string role="key" value="_lang"></string>
  <unicode value="es"></unicode>
  <string role="key" value="_learningResourceType"></string>
  <unicode value=""></unicode>
  <string role="key" value="_levelNames"></string>
  <list>
   <unicode value="Topic"></unicode>
   <unicode value="Section"></unicode>
   <unicode value="Unit"></unicode>
  </list>
  <string role="key" value="_name"></string>
  <unicode value="refactorizacion"></unicode>
  <string role="key" value="_nextIdeviceId"></string>
  <int value="4"></int>
  <string role="key" value="_nextNodeId"></string>
  <int value="1"></int>
  <string role="key" value="_nodeIdDict"></string>
  <dictionary>
   <unicode role="key" value="0"></unicode>
   <instance class="exe.engine.node.Node" reference="3">
    <dictionary>
     <string role="key" value="_title"></string>
     <unicode value="Inicio"></unicode>
     <string role="key" value="idevices"></string>
     <list>
      <instance class="exe.engine.genericidevice.GenericIdevice" reference="1">
       <dictionary>
        <string role="key" value="_title"></string>
        <unicode value="REFACTORIZAR: PAGAR LA DEUDA TÉCNICA"></unicode>
        <string role="key" value="_author"></string>
        <unicode value="University of Auckland"></unicode>
        <string role="key" value="_purpose"></string>
        <unicode value="Objectives describe the expected outcomes of the learning and should
define what the learners will be able to do when they have completed the
learning tasks."></unicode>
        <string role="key" value="_tip"></string>
        <unicode value=""></unicode>
        <string role="key" value="class_"></string>
        <unicode value="objectives"></unicode>
        <string role="key" value="edit"></string>
        <bool value="0"></bool>
        <string role="key" value="emphasis"></string>
        <int value="1"></int>
        <string role="key" value="exe.engine.genericidevice.GenericIdevice.persistenceVersion"></string>
        <int value="11"></int>
        <string role="key" value="fields"></string>
        <list>
         <instance class="exe.engine.field.TextAreaField" reference="2">
          <dictionary>
           <string role="key" value="_id"></string>
           <unicode value="105_2"></unicode>
           <string role="key" value="_idevice"></string>
           <reference key="1"></reference>
           <string role="key" value="_instruc"></string>
           <unicode value="Type the learning objectives for this resource."></unicode>
           <string role="key" value="_name"></string>
           <unicode value="Objectives"></unicode>
           <string role="key" value="anchor_names"></string>
           <list></list>
           <string role="key" value="anchors_linked_from_fields"></string>
           <dictionary></dictionary>
           <string role="key" value="content_w_resourcePaths"></string>
           <unicode content="true" value="&lt;p&gt;Objetivos:&lt;/p&gt;
&lt;p&gt;Definir ¿Que es la deuda tecnica?&lt;/p&gt;
&lt;p&gt;Determinar los casos donde aplica el concepto de &quot;Deuda Tecnica&quot;&lt;/p&gt;
&lt;p&gt;Definir ¿Que es la refactorizacion?&lt;/p&gt;"></unicode>
           <string role="key" value="exe.engine.field.Field.persistenceVersion"></string>
           <int value="4"></int>
           <string role="key" value="exe.engine.field.FieldWithResources.persistenceVersion"></string>
           <int value="2"></int>
           <string role="key" value="exe.engine.field.TextAreaField.persistenceVersion"></string>
           <int value="3"></int>
           <string role="key" value="htmlTag"></string>
           <string value="div"></string>
           <string role="key" value="images"></string>
           <instance class="exe.engine.galleryidevice.GalleryImages">
            <dictionary>
             <string role="key" value=".listitems"></string>
             <list></list>
             <string role="key" value="idevice"></string>
             <reference key="2"></reference>
            </dictionary>
           </instance>
           <string role="key" value="intlinks_to_anchors"></string>
           <dictionary></dictionary>
           <string role="key" value="nextImageId"></string>
           <int value="0"></int>
           <string role="key" value="parentNode"></string>
           <reference key="3"></reference>
          </dictionary>
         </instance>
        </list>
        <string role="key" value="icon"></string>
        <unicode value="objectives"></unicode>
        <string role="key" value="id"></string>
        <unicode value="0"></unicode>
        <string role="key" value="lastIdevice"></string>
        <bool value="0"></bool>
        <string role="key" value="nextFieldId"></string>
        <int value="3"></int>
        <string role="key" value="originalicon"></string>
        <unicode value="objectives"></unicode>
        <string role="key" value="parentNode"></string>
        <reference key="3"></reference>
        <string role="key" value="systemResources"></string>
        <list>
         <string value="common.js"></string>
        </list>
        <string role="key" value="undo"></string>
        <bool value="1"></bool>
        <string role="key" value="userResources"></string>
        <list></list>
        <string role="key" value="version"></string>
        <int value="0"></int>
       </dictionary>
      </instance>
      <instance class="exe.engine.freetextidevice.FreeTextIdevice" reference="4">
       <dictionary>
        <string role="key" value="_title"></string>
        <unicode value="Free Text"></unicode>
        <string role="key" value="_author"></string>
        <unicode value="University of Auckland"></unicode>
        <string role="key" value="_purpose"></string>
        <unicode value="The majority of a learning resource will be 
establishing context, delivering instructions and providing general information.
This provides the framework within which the learning activities are built and 
delivered."></unicode>
        <string role="key" value="_tip"></string>
        <string value=""></string>
        <string role="key" value="childs"></string>
        <list></list>
        <string role="key" value="content"></string>
        <instance class="exe.engine.field.TextAreaField" reference="6">
         <dictionary>
          <string role="key" value="_id"></string>
          <int value="86"></int>
          <string role="key" value="_idevice"></string>
          <reference key="4"></reference>
          <string role="key" value="_instruc"></string>
          <unicode value="Use this field to enter text. This 
iDevice has no emphasis applied although limited formatting can be applied to 
text through the text editing buttons associated with the field."></unicode>
          <string role="key" value="_name"></string>
          <unicode value="Free Text"></unicode>
          <string role="key" value="anchor_names"></string>
          <list></list>
          <string role="key" value="anchors_linked_from_fields"></string>
          <dictionary></dictionary>
          <string role="key" value="content_w_resourcePaths"></string>
          <unicode content="true" value="&lt;p&gt;Al igual que una casa con una hipoteca, el software tiene deudas que deben pagarse.&lt;/p&gt;
&lt;p&gt;Por ejemplo: un cliente para el que desarrolló una aplicación, le llama para incorporar nuevas funcionalidades. Luego de la negociación ud empieza a trabajar. El código de su sistema está en varios computadores, por lo que cada cambio debe replicarlo en todas ellas. Además, el código base es muy difícil de entenderlo, y el programador que lo hizo ya no trabaja en su empresa. Sin embargo, ese código puso su empresa en producción y hay que mantenerlo. para hacer esto bien, usted va a necesitar varios días para limpiar el código base existente antes de comenzar a agregar las nuevas funcionalidades.&lt;/p&gt;
&lt;p&gt;Deuda técnica es la acumulación continua de atajos, cortes, duplicación y otros pecados que regularmente cometemos en contra de nuestro código base para ser más rápidos y cumplir el cronograma. Puede tomar muchas formas (código de espagueti, complejidad excesiva, duplicación y descuido general). Cada transgresión contra el código inicialmente puede parecer pequeña o insignificante. Pero como todas las formas de deuda, es el efecto acumulativo que se da en el tiempo el que duele.&lt;/p&gt;
&lt;p&gt;&lt;/p&gt;
&lt;p&gt;&lt;img src=&quot;resources/deuda.png&quot; alt=&quot;cuadro deuda tecnica&quot; style=&quot;display: block; margin-left: auto; margin-right: auto;&quot; width=&quot;696&quot; height=&quot;533&quot; /&gt;&lt;/p&gt;
&lt;p&gt;&lt;/p&gt;
&lt;p&gt;¿Qué es la refactorización?&lt;/p&gt;
&lt;p&gt;Refactorización es la práctica de hacer continuamente pequeños, incrementales mejoras en el diseño de su software sin cambiar el comportamiento externo.&lt;/p&gt;
&lt;p&gt;Es una manera de pagar sistemáticamente nuestra deuda técnica a medida que avanzamos.&lt;/p&gt;
&lt;p&gt;Es una manera de mejorar y mantener la integridad y el diseño de nuestro software que nos permita alcanzar los objetivos de hoy y estar en una buena posición para manejar los desafíos aún desconocidos del mañana.&lt;/p&gt;
&lt;p&gt;Cuando se refactoriza un código, no se agrega nueva funcionalidad ni se corrige errores, se mejora la comprensibilidad del código&lt;br /&gt; haciéndole más fácil de comprender y más susceptible de cambios.&lt;/p&gt;
&lt;p&gt;Cada vez que se cambia el nombre de un método o variable mal nombrados en un esfuerzo por hacer que sea más fácil de leer y entender, se está refactorizando. Ejemplo:&lt;/p&gt;
&lt;p&gt;decimal sal; à decimal salario; [Renombrar variable]&lt;/p&gt;
&lt;p&gt;public decimal Calc()  àpublic decimal CalcularImpuestoTotal() [Renombrar método]&lt;/p&gt;
&lt;p&gt;&lt;img src=&quot;resources/refac.png&quot; alt=&quot;refactorizacion&quot; style=&quot;display: block; margin-left: auto; margin-right: auto;&quot; width=&quot;881&quot; height=&quot;545&quot; /&gt;&lt;/p&gt;"></unicode>
          <string role="key" value="exe.engine.field.Field.persistenceVersion"></string>
          <int value="4"></int>
          <string role="key" value="exe.engine.field.FieldWithResources.persistenceVersion"></string>
          <int value="2"></int>
          <string role="key" value="exe.engine.field.TextAreaField.persistenceVersion"></string>
          <int value="3"></int>
          <string role="key" value="htmlTag"></string>
          <string value="div"></string>
          <string role="key" value="images"></string>
          <instance class="exe.engine.galleryidevice.GalleryImages">
           <dictionary>
            <string role="key" value=".listitems"></string>
            <list>
             <instance class="exe.engine.galleryidevice.GalleryImage">
              <dictionary>
               <string role="key" value="_caption"></string>
               <instance class="exe.engine.field.TextField">
                <dictionary>
                 <string role="key" value="_id"></string>
                 <int value="215"></int>
                 <string role="key" value="_idevice"></string>
                 <none></none>
                 <string role="key" value="_instruc"></string>
                 <string value=""></string>
                 <string role="key" value="_name"></string>
                 <string value=""></string>
                 <string role="key" value="content"></string>
                 <string value=""></string>
                 <string role="key" value="exe.engine.field.Field.persistenceVersion"></string>
                 <int value="4"></int>
                </dictionary>
               </instance>
               <string role="key" value="_id"></string>
               <unicode value="1_86.2"></unicode>
               <string role="key" value="_imageResource"></string>
               <instance class="exe.engine.resource.Resource" reference="7">
                <dictionary>
                 <string role="key" value="_idevice"></string>
                 <reference key="4"></reference>
                 <string role="key" value="_package"></string>
                 <reference key="5"></reference>
                 <string role="key" value="_storageName"></string>
                 <string value="deuda.png"></string>
                 <string role="key" value="_userName"></string>
                 <string value="c:\\users\\inkisi~1\\appdata\\local\\temp\\tmpxhmeaa\\deuda.png"></string>
                 <string role="key" value="checksum"></string>
                 <string value="de47e53d4aeac0ec27fae728d1fd0336"></string>
                 <string role="key" value="exe.engine.resource.Resource.persistenceVersion"></string>
                 <int value="2"></int>
                 <string role="key" value="exe.engine.resource._Resource.persistenceVersion"></string>
                 <int value="2"></int>
                 <string role="key" value="warningMsg"></string>
                 <string value=""></string>
                </dictionary>
               </instance>
               <string role="key" value="_parent"></string>
               <reference key="6"></reference>
               <string role="key" value="_thumbnailResource"></string>
               <none></none>
               <string role="key" value="exe.engine.galleryidevice.GalleryImage.persistenceVersion"></string>
               <int value="3"></int>
               <string role="key" value="makeThumbnail"></string>
               <bool value="0"></bool>
              </dictionary>
             </instance>
             <instance class="exe.engine.galleryidevice.GalleryImage">
              <dictionary>
               <string role="key" value="_caption"></string>
               <instance class="exe.engine.field.TextField">
                <dictionary>
                 <string role="key" value="_id"></string>
                 <int value="216"></int>
                 <string role="key" value="_idevice"></string>
                 <none></none>
                 <string role="key" value="_instruc"></string>
                 <string value=""></string>
                 <string role="key" value="_name"></string>
                 <string value=""></string>
                 <string role="key" value="content"></string>
                 <string value=""></string>
                 <string role="key" value="exe.engine.field.Field.persistenceVersion"></string>
                 <int value="4"></int>
                </dictionary>
               </instance>
               <string role="key" value="_id"></string>
               <unicode value="1_86.3"></unicode>
               <string role="key" value="_imageResource"></string>
               <instance class="exe.engine.resource.Resource" reference="8">
                <dictionary>
                 <string role="key" value="_idevice"></string>
                 <reference key="4"></reference>
                 <string role="key" value="_package"></string>
                 <reference key="5"></reference>
                 <string role="key" value="_storageName"></string>
                 <string value="refac.png"></string>
                 <string role="key" value="_userName"></string>
                 <string value="c:\\users\\inkisi~1\\appdata\\local\\temp\\tmpxhmeaa\\refac.png"></string>
                 <string role="key" value="checksum"></string>
                 <string value="db6fbea6ea756946efadfc349ef7a041"></string>
                 <string role="key" value="exe.engine.resource.Resource.persistenceVersion"></string>
                 <int value="2"></int>
                 <string role="key" value="exe.engine.resource._Resource.persistenceVersion"></string>
                 <int value="2"></int>
                 <string role="key" value="warningMsg"></string>
                 <string value=""></string>
                </dictionary>
               </instance>
               <string role="key" value="_parent"></string>
               <reference key="6"></reference>
               <string role="key" value="_thumbnailResource"></string>
               <none></none>
               <string role="key" value="exe.engine.galleryidevice.GalleryImage.persistenceVersion"></string>
               <int value="3"></int>
               <string role="key" value="makeThumbnail"></string>
               <bool value="0"></bool>
              </dictionary>
             </instance>
            </list>
            <string role="key" value="idevice"></string>
            <reference key="6"></reference>
           </dictionary>
          </instance>
          <string role="key" value="intlinks_to_anchors"></string>
          <dictionary></dictionary>
          <string role="key" value="nextImageId"></string>
          <int value="4"></int>
          <string role="key" value="parentNode"></string>
          <reference key="3"></reference>
         </dictionary>
        </instance>
        <string role="key" value="edit"></string>
        <bool value="0"></bool>
        <string role="key" value="emphasis"></string>
        <int value="0"></int>
        <string role="key" value="exe.engine.freetextidevice.FreeTextIdevice.persistenceVersion"></string>
        <int value="7"></int>
        <string role="key" value="icon"></string>
        <string value=""></string>
        <string role="key" value="id"></string>
        <unicode value="1"></unicode>
        <string role="key" value="lastIdevice"></string>
        <bool value="0"></bool>
        <string role="key" value="originalicon"></string>
        <string value=""></string>
        <string role="key" value="parent"></string>
        <none></none>
        <string role="key" value="parentNode"></string>
        <reference key="3"></reference>
        <string role="key" value="systemResources"></string>
        <list></list>
        <string role="key" value="type"></string>
        <none></none>
        <string role="key" value="undo"></string>
        <bool value="1"></bool>
        <string role="key" value="userResources"></string>
        <list>
         <reference key="7"></reference>
         <reference key="8"></reference>
        </list>
        <string role="key" value="version"></string>
        <int value="0"></int>
       </dictionary>
      </instance>
      <instance class="exe.engine.externalurlidevice.ExternalUrlIdevice">
       <dictionary>
        <string role="key" value="_title"></string>
        <unicode value="External Web Site"></unicode>
        <string role="key" value="_author"></string>
        <unicode value="University of Auckland"></unicode>
        <string role="key" value="_purpose"></string>
        <unicode value="The external website iDevice loads an external website 
into an inline frame in your eXe content rather then opening it in a popup box. 
This means learners are not having to juggle windows. 
This iDevice should only be used if your content 
will be viewed by learners online."></unicode>
        <string role="key" value="_tip"></string>
        <string value=""></string>
        <string role="key" value="_urlInstruc"></string>
        <unicode value="Enter the URL you wish to display
and select the size of the area to display it in."></unicode>
        <string role="key" value="edit"></string>
        <bool value="0"></bool>
        <string role="key" value="emphasis"></string>
        <int value="0"></int>
        <string role="key" value="exe.engine.externalurlidevice.ExternalUrlIdevice.persistenceVersion"></string>
        <int value="3"></int>
        <string role="key" value="height"></string>
        <unicode value="300"></unicode>
        <string role="key" value="icon"></string>
        <string value=""></string>
        <string role="key" value="id"></string>
        <unicode value="2"></unicode>
        <string role="key" value="lastIdevice"></string>
        <bool value="0"></bool>
        <string role="key" value="originalicon"></string>
        <string value=""></string>
        <string role="key" value="parentNode"></string>
        <reference key="3"></reference>
        <string role="key" value="systemResources"></string>
        <list></list>
        <string role="key" value="undo"></string>
        <bool value="1"></bool>
        <string role="key" value="url"></string>
        <unicode value="https://www.youtube.com/watch?v=NxqH3WggfQk"></unicode>
        <string role="key" value="userResources"></string>
        <list></list>
        <string role="key" value="version"></string>
        <int value="0"></int>
       </dictionary>
      </instance>
      <instance class="exe.engine.casestudyidevice.CasestudyIdevice" reference="9">
       <dictionary>
        <string role="key" value="_title"></string>
        <unicode value="Case Study"></unicode>
        <string role="key" value="_author"></string>
        <unicode value="University of Auckland"></unicode>
        <string role="key" value="_feedbackInstruc"></string>
        <unicode value="Provide relevant feedback on the 
situation."></unicode>
        <string role="key" value="_purpose"></string>
        <unicode value="A case study is a device that provides learners 
with a simulation that has an educational basis. It takes a situation, generally 
based in reality, and asks learners to demonstrate or describe what action they 
would take to complete a task or resolve a situation. The case study allows 
learners apply their own knowledge and experience to completing the tasks 
assigned. when designing a case study consider the following:&lt;ul&gt; 
&lt;li&gt;    What educational points are conveyed in the story&lt;/li&gt;
&lt;li&gt;    What preparation will the learners need to do prior to working on the 
case study&lt;/li&gt;
&lt;li&gt;    Where the case study fits into the rest of the course&lt;/li&gt;
&lt;li&gt;    How the learners will interact with the materials and each other e.g.
if run in a classroom situation can teams be setup to work on different aspects
of the case and if so how are ideas feed back to the class&lt;/li&gt;&lt;/ul&gt;"></unicode>
        <string role="key" value="_questionInstruc"></string>
        <unicode value="Describe the activity tasks relevant 
to the case story provided. These could be in the form of questions or 
instructions for activity which may lead the learner to resolving a dilemma 
presented. "></unicode>
        <string role="key" value="_storyInstruc"></string>
        <unicode value="Create the case story. A good case is one 
that describes a controversy or sets the scene by describing the characters 
involved and the situation. It should also allow for some action to be taken 
in order to gain resolution of the situation."></unicode>
        <string role="key" value="_tip"></string>
        <string value=""></string>
        <string role="key" value="defaultImage"></string>
        <unicode value="C:\Users\eddyf\AppData\Local\Temp\exe\images\empty.gif"></unicode>
        <string role="key" value="edit"></string>
        <bool value="0"></bool>
        <string role="key" value="emphasis"></string>
        <int value="1"></int>
        <string role="key" value="exe.engine.casestudyidevice.CasestudyIdevice.persistenceVersion"></string>
        <int value="9"></int>
        <string role="key" value="icon"></string>
        <unicode value="casestudy"></unicode>
        <string role="key" value="id"></string>
        <unicode value="3"></unicode>
        <string role="key" value="lastIdevice"></string>
        <bool value="0"></bool>
        <string role="key" value="originalicon"></string>
        <unicode value="casestudy"></unicode>
        <string role="key" value="parentNode"></string>
        <reference key="3"></reference>
        <string role="key" value="questions"></string>
        <list>
         <instance class="exe.engine.casestudyidevice.Question">
          <dictionary>
           <string role="key" value="questionTextArea"></string>
           <instance class="exe.engine.field.TextAreaField" reference="10">
            <dictionary>
             <string role="key" value="_id"></string>
             <int value="96"></int>
             <string role="key" value="_idevice"></string>
             <reference key="9"></reference>
             <string role="key" value="_instruc"></string>
             <unicode value=""></unicode>
             <string role="key" value="_name"></string>
             <unicode value=""></unicode>
             <string role="key" value="anchor_names"></string>
             <list></list>
             <string role="key" value="anchors_linked_from_fields"></string>
             <dictionary></dictionary>
             <string role="key" value="content_w_resourcePaths"></string>
             <unicode content="true" value="&lt;p&gt;En base al video colocado en la parte superior, refactorizar al menos una seccion del codigo realizado en clase&lt;/p&gt;"></unicode>
             <string role="key" value="exe.engine.field.Field.persistenceVersion"></string>
             <int value="4"></int>
             <string role="key" value="exe.engine.field.FieldWithResources.persistenceVersion"></string>
             <int value="2"></int>
             <string role="key" value="exe.engine.field.TextAreaField.persistenceVersion"></string>
             <int value="3"></int>
             <string role="key" value="htmlTag"></string>
             <string value="section"></string>
             <string role="key" value="images"></string>
             <instance class="exe.engine.galleryidevice.GalleryImages">
              <dictionary>
               <string role="key" value=".listitems"></string>
               <list></list>
               <string role="key" value="idevice"></string>
               <reference key="10"></reference>
              </dictionary>
             </instance>
             <string role="key" value="intlinks_to_anchors"></string>
             <dictionary></dictionary>
             <string role="key" value="nextImageId"></string>
             <int value="0"></int>
             <string role="key" value="parentNode"></string>
             <reference key="3"></reference>
            </dictionary>
           </instance>
           <string role="key" value="exe.engine.casestudyidevice.Question.persistenceVersion"></string>
           <int value="2"></int>
           <string role="key" value="feedbackTextArea"></string>
           <instance class="exe.engine.field.Feedback2Field" reference="11">
            <dictionary>
             <string role="key" value="_id"></string>
             <int value="97"></int>
             <string role="key" value="_idevice"></string>
             <reference key="9"></reference>
             <string role="key" value="_instruc"></string>
             <unicode value=""></unicode>
             <string role="key" value="_name"></string>
             <unicode value=""></unicode>
             <string role="key" value="anchor_names"></string>
             <list></list>
             <string role="key" value="anchors_linked_from_fields"></string>
             <dictionary></dictionary>
             <string role="key" value="buttonCaption"></string>
             <unicode value=""></unicode>
             <string role="key" value="content_w_resourcePaths"></string>
             <unicode content="true" value="&lt;p&gt;El estudiante luego de esta actividad podra identificar la importancia de la refactorizacion del codigo&lt;/p&gt;"></unicode>
             <string role="key" value="exe.engine.field.Feedback2Field.persistenceVersion"></string>
             <int value="1"></int>
             <string role="key" value="exe.engine.field.Field.persistenceVersion"></string>
             <int value="4"></int>
             <string role="key" value="exe.engine.field.FieldWithResources.persistenceVersion"></string>
             <int value="2"></int>
             <string role="key" value="feedback"></string>
             <unicode value="&lt;p&gt;El estudiante luego de esta actividad podra identificar la importancia de la refactorizacion del codigo&lt;/p&gt;"></unicode>
             <string role="key" value="htmlTag"></string>
             <string value="div"></string>
             <string role="key" value="images"></string>
             <instance class="exe.engine.galleryidevice.GalleryImages">
              <dictionary>
               <string role="key" value=".listitems"></string>
               <list></list>
               <string role="key" value="idevice"></string>
               <reference key="11"></reference>
              </dictionary>
             </instance>
             <string role="key" value="intlinks_to_anchors"></string>
             <dictionary></dictionary>
             <string role="key" value="nextImageId"></string>
             <int value="0"></int>
             <string role="key" value="parentNode"></string>
             <reference key="3"></reference>
            </dictionary>
           </instance>
          </dictionary>
         </instance>
        </list>
        <string role="key" value="storyTextArea"></string>
        <instance class="exe.engine.field.TextAreaField" reference="12">
         <dictionary>
          <string role="key" value="_id"></string>
          <int value="95"></int>
          <string role="key" value="_idevice"></string>
          <reference key="9"></reference>
          <string role="key" value="_instruc"></string>
          <unicode value="Create the case story. A good case is one 
that describes a controversy or sets the scene by describing the characters 
involved and the situation. It should also allow for some action to be taken 
in order to gain resolution of the situation."></unicode>
          <string role="key" value="_name"></string>
          <unicode value="Story:"></unicode>
          <string role="key" value="anchor_names"></string>
          <list></list>
          <string role="key" value="anchors_linked_from_fields"></string>
          <dictionary></dictionary>
          <string role="key" value="content_w_resourcePaths"></string>
          <unicode content="true" value=""></unicode>
          <string role="key" value="exe.engine.field.Field.persistenceVersion"></string>
          <int value="4"></int>
          <string role="key" value="exe.engine.field.FieldWithResources.persistenceVersion"></string>
          <int value="2"></int>
          <string role="key" value="exe.engine.field.TextAreaField.persistenceVersion"></string>
          <int value="3"></int>
          <string role="key" value="htmlTag"></string>
          <string value="section"></string>
          <string role="key" value="images"></string>
          <instance class="exe.engine.galleryidevice.GalleryImages">
           <dictionary>
            <string role="key" value=".listitems"></string>
            <list></list>
            <string role="key" value="idevice"></string>
            <reference key="12"></reference>
           </dictionary>
          </instance>
          <string role="key" value="intlinks_to_anchors"></string>
          <dictionary></dictionary>
          <string role="key" value="nextImageId"></string>
          <int value="0"></int>
          <string role="key" value="parentNode"></string>
          <reference key="3"></reference>
         </dictionary>
        </instance>
        <string role="key" value="systemResources"></string>
        <list></list>
        <string role="key" value="undo"></string>
        <bool value="1"></bool>
        <string role="key" value="userResources"></string>
        <list></list>
        <string role="key" value="version"></string>
        <int value="0"></int>
       </dictionary>
      </instance>
     </list>
     <string role="key" value="_id"></string>
     <unicode value="0"></unicode>
     <string role="key" value="_package"></string>
     <reference key="5"></reference>
     <string role="key" value="exe.engine.node.Node.persistenceVersion"></string>
     <int value="2"></int>
     <string role="key" value="exportType"></string>
     <string value="website"></string>
     <string role="key" value="last_full_node_path"></string>
     <string value="exe-node:Inicio"></string>
     <string role="key" value="parent"></string>
     <none></none>
     <string role="key" value="children"></string>
     <list></list>
    </dictionary>
   </instance>
  </dictionary>
  <string role="key" value="_objectives"></string>
  <unicode value=""></unicode>
  <string role="key" value="_preknowledge"></string>
  <unicode value=""></unicode>
  <string role="key" value="backgroundImgTile"></string>
  <bool value="0"></bool>
  <string role="key" value="compatibleWithVersion9"></string>
  <bool value="0"></bool>
  <string role="key" value="currentNode"></string>
  <reference key="3"></reference>
  <string role="key" value="dublinCore"></string>
  <instance class="exe.engine.package.DublinCore">
   <dictionary>
    <string role="key" value="contributors"></string>
    <unicode value=""></unicode>
    <string role="key" value="coverage"></string>
    <unicode value=""></unicode>
    <string role="key" value="creator"></string>
    <unicode value=""></unicode>
    <string role="key" value="date"></string>
    <unicode value=""></unicode>
    <string role="key" value="description"></string>
    <unicode value=""></unicode>
    <string role="key" value="format"></string>
    <unicode value=""></unicode>
    <string role="key" value="identifier"></string>
    <unicode value="d183d8d1-14fa-4cad-a5f6-222d506d0eca"></unicode>
    <string role="key" value="language"></string>
    <unicode value="es"></unicode>
    <string role="key" value="publisher"></string>
    <unicode value=""></unicode>
    <string role="key" value="relation"></string>
    <unicode value=""></unicode>
    <string role="key" value="rights"></string>
    <unicode value=""></unicode>
    <string role="key" value="source"></string>
    <unicode value=""></unicode>
    <string role="key" value="subject"></string>
    <unicode value=""></unicode>
    <string role="key" value="title"></string>
    <unicode value=""></unicode>
    <string role="key" value="type"></string>
    <unicode value=""></unicode>
   </dictionary>
  </instance>
  <string role="key" value="exe.engine.package.Package.persistenceVersion"></string>
  <int value="13"></int>
  <string role="key" value="exportMetadataType"></string>
  <string value="LOMES"></string>
  <string role="key" value="exportSource"></string>
  <bool value="1"></bool>
  <string role="key" value="footer"></string>
  <string value=""></string>
  <string role="key" value="isLoading"></string>
  <bool value="0"></bool>
  <string role="key" value="license"></string>
  <string value="creative commons: attribution - share alike 4.0"></string>
  <string role="key" value="lom"></string>
  <instance class="exe.engine.lom.lomsubs.lomSub">
   <dictionary>
    <string role="key" value="__index__"></string>
    <dictionary></dictionary>
    <string role="key" value="__oldchild__"></string>
    <none></none>
    <string role="key" value="annotation"></string>
    <list></list>
    <string role="key" value="classification"></string>
    <list></list>
    <string role="key" value="educational"></string>
    <list>
     <instance class="exe.engine.lom.lomsubs.educationalSub">
      <dictionary>
       <string role="key" value="cognitiveProcess"></string>
       <list></list>
       <string role="key" value="context"></string>
       <list></list>
       <string role="key" value="description"></string>
       <list></list>
       <string role="key" value="difficulty"></string>
       <none></none>
       <string role="key" value="intendedEndUserRole"></string>
       <list></list>
       <string role="key" value="interactivityLevel"></string>
       <none></none>
       <string role="key" value="interactivityType"></string>
       <none></none>
       <string role="key" value="language"></string>
       <list>
        <instance class="exe.engine.lom.lomsubs.LanguageIdSub">
         <dictionary>
          <string role="key" value="extensiontype_"></string>
          <none></none>
          <string role="key" value="valueOf_"></string>
          <string value="es"></string>
         </dictionary>
        </instance>
       </list>
       <string role="key" value="learningResourceType"></string>
       <list></list>
       <string role="key" value="semanticDensity"></string>
       <none></none>
       <string role="key" value="typicalAgeRange"></string>
       <list></list>
       <string role="key" value="typicalLearningTime"></string>
       <none></none>
      </dictionary>
     </instance>
    </list>
    <string role="key" value="general"></string>
    <instance class="exe.engine.lom.lomsubs.generalSub">
     <dictionary>
      <string role="key" value="aggregationLevel"></string>
      <instance class="exe.engine.lom.lomsubs.aggregationLevelSub">
       <dictionary>
        <string role="key" value="extensiontype_"></string>
        <none></none>
        <string role="key" value="source"></string>
        <instance class="exe.engine.lom.lomsubs.sourceValueSub">
         <dictionary>
          <string role="key" value="extensiontype_"></string>
          <none></none>
          <string role="key" value="string"></string>
          <list></list>
          <string role="key" value="uniqueElementName"></string>
          <string value="source"></string>
          <string role="key" value="valueOf_"></string>
          <string value="LOMv1.0"></string>
         </dictionary>
        </instance>
        <string role="key" value="uniqueElementName"></string>
        <string value="aggregationLevel"></string>
        <string role="key" value="value"></string>
        <instance class="exe.engine.lom.lomsubs.aggregationLevelValueSub">
         <dictionary>
          <string role="key" value="extensiontype_"></string>
          <none></none>
          <string role="key" value="source"></string>
          <none></none>
          <string role="key" value="uniqueElementName"></string>
          <string value="value"></string>
          <string role="key" value="value"></string>
          <none></none>
          <string role="key" value="valueOf_"></string>
          <string value="2"></string>
         </dictionary>
        </instance>
       </dictionary>
      </instance>
      <string role="key" value="coverage"></string>
      <list></list>
      <string role="key" value="description"></string>
      <list></list>
      <string role="key" value="identifier"></string>
      <list>
       <instance class="exe.engine.lom.lomsubs.identifierSub">
        <dictionary>
         <string role="key" value="catalog"></string>
         <instance class="exe.engine.lom.lomsubs.catalogSub">
          <dictionary>
           <string role="key" value="uniqueElementName"></string>
           <string value="catalog"></string>
           <string role="key" value="valueOf_"></string>
           <unicode value="Mi catálogo"></unicode>
          </dictionary>
         </instance>
         <string role="key" value="entry"></string>
         <instance class="exe.engine.lom.lomsubs.entrySub">
          <dictionary>
           <string role="key" value="uniqueElementName"></string>
           <string value="entry"></string>
           <string role="key" value="valueOf_"></string>
           <unicode value="d183d8d1-14fa-4cad-a5f6-222d506d0eca"></unicode>
          </dictionary>
         </instance>
        </dictionary>
       </instance>
      </list>
      <string role="key" value="keyword"></string>
      <list></list>
      <string role="key" value="language"></string>
      <list>
       <instance class="exe.engine.lom.lomsubs.LanguageIdSub">
        <dictionary>
         <string role="key" value="extensiontype_"></string>
         <none></none>
         <string role="key" value="valueOf_"></string>
         <string value="es"></string>
        </dictionary>
       </instance>
      </list>
      <string role="key" value="structure"></string>
      <none></none>
      <string role="key" value="title"></string>
      <none></none>
      <string role="key" value="uniqueElementName"></string>
      <string value="general"></string>
     </dictionary>
    </instance>
    <string role="key" value="lifeCycle"></string>
    <none></none>
    <string role="key" value="metaMetadata"></string>
    <instance class="exe.engine.lom.lomsubs.metaMetadataSub">
     <dictionary>
      <string role="key" value="contribute"></string>
      <list></list>
      <string role="key" value="identifier"></string>
      <list></list>
      <string role="key" value="language"></string>
      <instance class="exe.engine.lom.lomsubs.LanguageIdSub">
       <dictionary>
        <string role="key" value="extensiontype_"></string>
        <none></none>
        <string role="key" value="valueOf_"></string>
        <string value="es"></string>
       </dictionary>
      </instance>
      <string role="key" value="metadataSchema"></string>
      <list>
       <instance class="exe.engine.lom.lomsubs.metadataSchemaSub">
        <dictionary>
         <string role="key" value="valueOf_"></string>
         <string value="LOMv1.0"></string>
        </dictionary>
       </instance>
      </list>
      <string role="key" value="uniqueElementName"></string>
      <string value="metaMetadata"></string>
     </dictionary>
    </instance>
    <string role="key" value="relation"></string>
    <list></list>
    <string role="key" value="rights"></string>
    <none></none>
    <string role="key" value="technical"></string>
    <none></none>
   </dictionary>
  </instance>
  <string role="key" value="lomEs"></string>
  <instance class="exe.engine.lom.lomsubs.lomSub">
   <dictionary>
    <string role="key" value="__index__"></string>
    <dictionary></dictionary>
    <string role="key" value="__oldchild__"></string>
    <none></none>
    <string role="key" value="annotation"></string>
    <list></list>
    <string role="key" value="classification"></string>
    <list></list>
    <string role="key" value="educational"></string>
    <list>
     <instance class="exe.engine.lom.lomsubs.educationalSub">
      <dictionary>
       <string role="key" value="cognitiveProcess"></string>
       <list></list>
       <string role="key" value="context"></string>
       <list></list>
       <string role="key" value="description"></string>
       <list></list>
       <string role="key" value="difficulty"></string>
       <none></none>
       <string role="key" value="intendedEndUserRole"></string>
       <list></list>
       <string role="key" value="interactivityLevel"></string>
       <none></none>
       <string role="key" value="interactivityType"></string>
       <none></none>
       <string role="key" value="language"></string>
       <list>
        <instance class="exe.engine.lom.lomsubs.LanguageIdSub">
         <dictionary>
          <string role="key" value="extensiontype_"></string>
          <none></none>
          <string role="key" value="valueOf_"></string>
          <string value="es"></string>
         </dictionary>
        </instance>
       </list>
       <string role="key" value="learningResourceType"></string>
       <list></list>
       <string role="key" value="semanticDensity"></string>
       <none></none>
       <string role="key" value="typicalAgeRange"></string>
       <list></list>
       <string role="key" value="typicalLearningTime"></string>
       <none></none>
      </dictionary>
     </instance>
    </list>
    <string role="key" value="general"></string>
    <instance class="exe.engine.lom.lomsubs.generalSub">
     <dictionary>
      <string role="key" value="aggregationLevel"></string>
      <instance class="exe.engine.lom.lomsubs.aggregationLevelSub">
       <dictionary>
        <string role="key" value="extensiontype_"></string>
        <none></none>
        <string role="key" value="source"></string>
        <instance class="exe.engine.lom.lomsubs.sourceValueSub">
         <dictionary>
          <string role="key" value="extensiontype_"></string>
          <none></none>
          <string role="key" value="string"></string>
          <list></list>
          <string role="key" value="uniqueElementName"></string>
          <string value="source"></string>
          <string role="key" value="valueOf_"></string>
          <string value="LOM-ESv1.0"></string>
         </dictionary>
        </instance>
        <string role="key" value="uniqueElementName"></string>
        <string value="aggregationLevel"></string>
        <string role="key" value="value"></string>
        <instance class="exe.engine.lom.lomsubs.aggregationLevelValueSub">
         <dictionary>
          <string role="key" value="extensiontype_"></string>
          <none></none>
          <string role="key" value="source"></string>
          <none></none>
          <string role="key" value="uniqueElementName"></string>
          <string value="value"></string>
          <string role="key" value="value"></string>
          <none></none>
          <string role="key" value="valueOf_"></string>
          <string value="2"></string>
         </dictionary>
        </instance>
       </dictionary>
      </instance>
      <string role="key" value="coverage"></string>
      <list></list>
      <string role="key" value="description"></string>
      <list></list>
      <string role="key" value="identifier"></string>
      <list>
       <instance class="exe.engine.lom.lomsubs.identifierSub">
        <dictionary>
         <string role="key" value="catalog"></string>
         <instance class="exe.engine.lom.lomsubs.catalogSub">
          <dictionary>
           <string role="key" value="uniqueElementName"></string>
           <string value="catalog"></string>
           <string role="key" value="valueOf_"></string>
           <unicode value="Mi catálogo"></unicode>
          </dictionary>
         </instance>
         <string role="key" value="entry"></string>
         <instance class="exe.engine.lom.lomsubs.entrySub">
          <dictionary>
           <string role="key" value="uniqueElementName"></string>
           <string value="entry"></string>
           <string role="key" value="valueOf_"></string>
           <unicode value="d183d8d1-14fa-4cad-a5f6-222d506d0eca"></unicode>
          </dictionary>
         </instance>
        </dictionary>
       </instance>
      </list>
      <string role="key" value="keyword"></string>
      <list></list>
      <string role="key" value="language"></string>
      <list>
       <instance class="exe.engine.lom.lomsubs.LanguageIdSub">
        <dictionary>
         <string role="key" value="extensiontype_"></string>
         <none></none>
         <string role="key" value="valueOf_"></string>
         <string value="es"></string>
        </dictionary>
       </instance>
      </list>
      <string role="key" value="structure"></string>
      <none></none>
      <string role="key" value="title"></string>
      <none></none>
      <string role="key" value="uniqueElementName"></string>
      <string value="general"></string>
     </dictionary>
    </instance>
    <string role="key" value="lifeCycle"></string>
    <none></none>
    <string role="key" value="metaMetadata"></string>
    <instance class="exe.engine.lom.lomsubs.metaMetadataSub">
     <dictionary>
      <string role="key" value="contribute"></string>
      <list></list>
      <string role="key" value="identifier"></string>
      <list></list>
      <string role="key" value="language"></string>
      <instance class="exe.engine.lom.lomsubs.LanguageIdSub">
       <dictionary>
        <string role="key" value="extensiontype_"></string>
        <none></none>
        <string role="key" value="valueOf_"></string>
        <string value="es"></string>
       </dictionary>
      </instance>
      <string role="key" value="metadataSchema"></string>
      <list>
       <instance class="exe.engine.lom.lomsubs.metadataSchemaSub">
        <dictionary>
         <string role="key" value="valueOf_"></string>
         <string value="LOM-ESv1.0"></string>
        </dictionary>
       </instance>
      </list>
      <string role="key" value="uniqueElementName"></string>
      <string value="metaMetadata"></string>
     </dictionary>
    </instance>
    <string role="key" value="relation"></string>
    <list></list>
    <string role="key" value="rights"></string>
    <instance class="exe.engine.lom.lomsubs.rightsSub">
     <dictionary>
      <string role="key" value="access"></string>
      <instance class="exe.engine.lom.lomsubs.accessSub">
       <dictionary>
        <string role="key" value="accessType"></string>
        <instance class="exe.engine.lom.lomsubs.accessTypeSub">
         <dictionary>
          <string role="key" value="extensiontype_"></string>
          <none></none>
          <string role="key" value="source"></string>
          <instance class="exe.engine.lom.lomsubs.sourceValueSub">
           <dictionary>
            <string role="key" value="extensiontype_"></string>
            <none></none>
            <string role="key" value="string"></string>
            <list></list>
            <string role="key" value="uniqueElementName"></string>
            <string value="source"></string>
            <string role="key" value="valueOf_"></string>
            <string value="LOM-ESv1.0"></string>
           </dictionary>
          </instance>
          <string role="key" value="uniqueElementName"></string>
          <string value="accessType"></string>
          <string role="key" value="value"></string>
          <instance class="exe.engine.lom.lomsubs.accessTypeValueSub">
           <dictionary>
            <string role="key" value="extensiontype_"></string>
            <none></none>
            <string role="key" value="source"></string>
            <none></none>
            <string role="key" value="uniqueElementName"></string>
            <string value="value"></string>
            <string role="key" value="value"></string>
            <none></none>
            <string role="key" value="valueOf_"></string>
            <string value="universal"></string>
           </dictionary>
          </instance>
         </dictionary>
        </instance>
        <string role="key" value="description"></string>
        <instance class="exe.engine.lom.lomsubs.LanguageStringSub">
         <dictionary>
          <string role="key" value="extensiontype_"></string>
          <none></none>
          <string role="key" value="string"></string>
          <list>
           <instance class="exe.engine.lom.lomsubs.LangStringSub">
            <dictionary>
             <string role="key" value="language"></string>
             <string value="es"></string>
             <string role="key" value="valueOf_"></string>
             <unicode value="Preestablecido"></unicode>
            </dictionary>
           </instance>
          </list>
         </dictionary>
        </instance>
        <string role="key" value="uniqueElementName"></string>
        <string value="access"></string>
       </dictionary>
      </instance>
      <string role="key" value="copyrightAndOtherRestrictions"></string>
      <none></none>
      <string role="key" value="cost"></string>
      <none></none>
      <string role="key" value="description"></string>
      <none></none>
      <string role="key" value="uniqueElementName"></string>
      <string value="rights"></string>
     </dictionary>
    </instance>
    <string role="key" value="technical"></string>
    <none></none>
   </dictionary>
  </instance>
  <string role="key" value="mxmlforcemediaonly"></string>
  <bool value="0"></bool>
  <string role="key" value="mxmlheight"></string>
  <string value=""></string>
  <string role="key" value="mxmlprofilelist"></string>
  <string value=""></string>
  <string role="key" value="mxmlwidth"></string>
  <string value=""></string>
  <string role="key" value="resources"></string>
  <dictionary>
   <string role="key" value="db6fbea6ea756946efadfc349ef7a041"></string>
   <list>
    <reference key="8"></reference>
   </list>
   <string role="key" value="de47e53d4aeac0ec27fae728d1fd0336"></string>
   <list>
    <reference key="7"></reference>
   </list>
  </dictionary>
  <string role="key" value="root"></string>
  <reference key="3"></reference>
  <string role="key" value="scolinks"></string>
  <bool value="0"></bool>
  <string role="key" value="scowsinglepage"></string>
  <bool value="0"></bool>
  <string role="key" value="scowwebsite"></string>
  <bool value="0"></bool>
  <string role="key" value="style"></string>
  <unicode value="INTEF"></unicode>
  <string role="key" value="sugaractivityname"></string>
  <string value=""></string>
  <string role="key" value="sugarservicename"></string>
  <string value=""></string>
  <string role="key" value="tempFile"></string>
  <bool value="0"></bool>
 </dictionary>
</instance>